pedido_id,sku,fornecedor_id,quantidade,custo_unitario,valor_total,score_fornecedor,lead_time_planejado,lead_time_real,dias_atraso,data_emissao,data_prevista,data_recebimento_real,status
PED-B0C844EC,SKU-000181,FORN-00035,2049,321.55,658855.95,Alto,34,34,0,2026-03-26 14:31:23.643018,2026-04-29 14:31:23.643018,2026-04-29 14:31:23.643018,Parcialmente Recebido
PED-E84B66FA,SKU-000043,FORN-00020,2605,457.57,1191969.85,Alto,28,28,0,2026-03-27 14:31:23.643018,2026-04-24 14:31:23.643018,2026-04-24 14:31:23.643018,Parcialmente Recebido
PED-B0A85454,SKU-000080,FORN-00004,489,169.84,83051.76,Médio,29,33,4,2026-03-29 14:31:23.643018,2026-05-01 14:31:23.643018,2026-05-01 14:31:23.643018,Parcialmente Recebido
PED-5D271C5F,SKU-000136,FORN-00033,495,82.64,40906.8,Baixo,31,37,6,2026-03-29 14:31:23.643018,2026-05-05 14:31:23.643018,2026-05-05 14:31:23.643018,Parcialmente Recebido
PED-0F3A8701,SKU-000182,FORN-00009,356,346.93,123507.08,Médio,25,27,2,2026-03-30 14:31:23.643018,2026-04-26 14:31:23.643018,2026-04-26 14:31:23.643018,Parcialmente Recebido
PED-DC109C79,SKU-000048,FORN-00004,651,206.18,134223.18,Médio,26,28,2,2026-03-31 14:31:23.643018,2026-04-28 14:31:23.643018,2026-04-28 14:31:23.643018,Parcialmente Recebido
PED-86C6ADEA,SKU-000081,FORN-00008,5555,7.74,42995.7,Alto,27,27,0,2026-03-31 14:31:23.643018,2026-04-27 14:31:23.643018,2026-04-27 14:31:23.643018,Parcialmente Recebido
PED-C7200B11,SKU-000107,FORN-00049,136,798.17,108551.12,Médio,21,23,2,2026-03-31 14:31:23.643018,2026-04-23 14:31:23.643018,2026-04-23 14:31:23.643018,Parcialmente Recebido
PED-2F38B0A1,SKU-000122,FORN-00017,6531,48.99,319953.69,Alto,23,23,0,2026-03-31 14:31:23.643018,2026-04-23 14:31:23.643018,2026-04-23 14:31:23.643018,Parcialmente Recebido
PED-8A9991DF,SKU-000037,FORN-00031,883,120.15,106092.45,Alto,25,25,0,2026-04-01 14:31:23.643018,2026-04-26 14:31:23.643018,2026-04-26 14:31:23.643018,Parcialmente Recebido
PED-ABE1D196,SKU-000083,FORN-00049,1330,207.45,275908.5,Médio,18,22,4,2026-04-01 14:31:23.643018,2026-04-23 14:31:23.643018,2026-04-23 14:31:23.643018,Parcialmente Recebido
PED-7E738936,SKU-000145,FORN-00013,1186,107.75,127791.5,Alto,18,18,0,2026-04-01 14:31:23.643018,2026-04-19 14:31:23.643018,2026-04-19 14:31:23.643018,Parcialmente Recebido
PED-4A3404F2,SKU-000191,FORN-00008,467,149.38,69760.46,Alto,29,29,0,2026-04-01 14:31:23.643018,2026-04-30 14:31:23.643018,2026-04-30 14:31:23.643018,Parcialmente Recebido
PED-64855FB3,SKU-000072,FORN-00031,12905,5.67,73171.35,Alto,27,27,0,2026-04-02 14:31:23.643018,2026-04-29 14:31:23.643018,2026-04-29 14:31:23.643018,Parcialmente Recebido
PED-DD9A51AD,SKU-000088,FORN-00021,575,181.56,104397.0,Médio,30,31,1,2026-04-02 14:31:23.643018,2026-05-03 14:31:23.643018,2026-05-03 14:31:23.643018,Parcialmente Recebido
PED-7CAE2D76,SKU-000126,FORN-00004,891,255.92,228024.72,Médio,29,30,1,2026-04-02 14:31:23.643018,2026-05-02 14:31:23.643018,2026-05-02 14:31:23.643018,Parcialmente Recebido
PED-CEADE24C,SKU-000027,FORN-00039,2322,479.81,1114118.82,Baixo,15,18,3,2026-04-03 14:31:23.643018,2026-04-21 14:31:23.643018,2026-04-21 14:31:23.643018,Parcialmente Recebido
PED-E6429756,SKU-000029,FORN-00041,375,30.91,11591.25,Alto,28,28,0,2026-04-03 14:31:23.643018,2026-05-01 14:31:23.643018,2026-05-01 14:31:23.643018,Parcialmente Recebido
PED-AC266D90,SKU-000063,FORN-00018,955,138.86,132611.3,Médio,19,23,4,2026-04-03 14:31:23.643018,2026-04-26 14:31:23.643018,2026-04-26 14:31:23.643018,Parcialmente Recebido
PED-0BF8D64F,SKU-000087,FORN-00040,477,53.08,25319.16,Alto,13,13,0,2026-04-03 14:31:23.643018,2026-04-16 14:31:23.643018,2026-04-16 14:31:23.643018,Parcialmente Recebido
PED-AB671E02,SKU-000114,FORN-00020,212,85.24,18070.88,Alto,30,30,0,2026-04-03 14:31:23.643018,2026-05-03 14:31:23.643018,2026-05-03 14:31:23.643018,Parcialmente Recebido
PED-A2BF2F41,SKU-000116,FORN-00036,13009,1.67,21725.03,Alto,12,12,0,2026-04-03 14:31:23.643018,2026-04-15 14:31:23.643018,2026-04-15 14:31:23.643018,Parcialmente Recebido
PED-3180B5ED,SKU-000153,FORN-00048,37,914.31,33829.47,Alto,32,32,0,2026-04-03 14:31:23.643018,2026-05-05 14:31:23.643018,2026-05-05 14:31:23.643018,Parcialmente Recebido
PED-EAD5892A,SKU-000160,FORN-00042,2147,254.49,546390.03,Alto,12,12,0,2026-04-03 14:31:23.643018,2026-04-15 14:31:23.643018,2026-04-15 14:31:23.643018,Parcialmente Recebido
PED-C3BFBA88,SKU-000042,FORN-00024,1266,196.86,249224.76,Alto,7,7,0,2026-04-04 14:31:23.643018,2026-04-11 14:31:23.643018,2026-04-11 14:31:23.643018,Parcialmente Recebido
PED-EEAA75C6,SKU-000060,FORN-00013,700,33.02,23114.0,Alto,23,23,0,2026-04-04 14:31:23.643018,2026-04-27 14:31:23.643018,2026-04-27 14:31:23.643018,Parcialmente Recebido
PED-A3EA909B,SKU-000085,FORN-00030,418,105.72,44190.96,Alto,11,11,0,2026-04-04 14:31:23.643018,2026-04-15 14:31:23.643018,2026-04-15 14:31:23.643018,Parcialmente Recebido
PED-691CA47A,SKU-000106,FORN-00002,271,494.37,133974.27,Médio,18,19,1,2026-04-04 14:31:23.643018,2026-04-23 14:31:23.643018,2026-04-23 14:31:23.643018,Parcialmente Recebido
PED-1D231DCB,SKU-000135,FORN-00043,208,340.9,70907.2,Alto,10,10,0,2026-04-04 14:31:23.643018,2026-04-14 14:31:23.643018,2026-04-14 14:31:23.643018,Parcialmente Recebido
PED-BF2EF6A5,SKU-000167,FORN-00008,473,210.18,99415.14,Alto,29,29,0,2026-04-04 14:31:23.643018,2026-05-03 14:31:23.643018,2026-05-03 14:31:23.643018,Parcialmente Recebido
PED-17CC660D,SKU-000013,FORN-00041,1071,225.06,241039.26,Alto,30,30,0,2026-04-05 14:31:23.643018,2026-05-05 14:31:23.643018,2026-05-05 14:31:23.643018,Parcialmente Recebido
PED-31CB448B,SKU-000050,FORN-00050,1841,480.78,885115.98,Médio,29,30,1,2026-04-05 14:31:23.643018,2026-05-05 14:31:23.643018,2026-05-05 14:31:23.643018,Parcialmente Recebido
PED-9324B9BA,SKU-000068,FORN-00033,10690,37.41,399912.9,Baixo,35,42,7,2026-04-05 14:31:23.643018,2026-05-17 14:31:23.643018,2026-05-17 14:31:23.643018,Parcialmente Recebido
PED-282DC4DD,SKU-000076,FORN-00012,242,492.48,119180.16,Alto,29,29,0,2026-04-05 14:31:23.643018,2026-05-04 14:31:23.643018,2026-05-04 14:31:23.643018,Parcialmente Recebido
PED-0F27CB72,SKU-000115,FORN-00019,2142,79.37,170010.54,Alto,17,17,0,2026-04-05 14:31:23.643018,2026-04-22 14:31:23.643018,2026-04-22 14:31:23.643018,Parcialmente Recebido
PED-DF13940B,SKU-000146,FORN-00022,534,92.84,49576.56,Médio,29,33,4,2026-04-05 14:31:23.643018,2026-05-08 14:31:23.643018,2026-05-08 14:31:23.643018,Parcialmente Recebido
PED-BC79D8A6,SKU-000196,FORN-00031,1407,282.84,397955.88,Alto,25,25,0,2026-04-05 14:31:23.643018,2026-04-30 14:31:23.643018,2026-04-30 14:31:23.643018,Parcialmente Recebido
PED-133669B3,SKU-000032,FORN-00018,3267,63.91,208793.97,Médio,19,23,4,2026-04-06 14:31:23.643018,2026-04-29 14:31:23.643018,2026-04-29 14:31:23.643018,Parcialmente Recebido
PED-15B64961,SKU-000066,FORN-00032,684,244.2,167032.8,Médio,21,22,1,2026-04-06 14:31:23.643018,2026-04-28 14:31:23.643018,2026-04-28 14:31:23.643018,Parcialmente Recebido
PED-27E18E55,SKU-000090,FORN-00028,837,24.16,20221.92,Baixo,24,31,7,2026-04-06 14:31:23.643018,2026-05-07 14:31:23.643018,2026-05-07 14:31:23.643018,Parcialmente Recebido
PED-FDB3977C,SKU-000149,FORN-00017,1529,48.87,74722.23,Alto,24,24,0,2026-04-06 14:31:23.643018,2026-04-30 14:31:23.643018,2026-04-30 14:31:23.643018,Parcialmente Recebido
PED-380BC5EC,SKU-000166,FORN-00031,565,14.86,8395.9,Alto,27,27,0,2026-04-06 14:31:23.643018,2026-05-03 14:31:23.643018,2026-05-03 14:31:23.643018,Parcialmente Recebido
PED-0F0461F5,SKU-000007,FORN-00021,10146,23.34,236807.64,Médio,31,33,2,2026-04-07 14:31:23.643018,2026-05-10 14:31:23.643018,2026-05-10 14:31:23.643018,Parcialmente Recebido
PED-8902A453,SKU-000025,FORN-00034,120,577.32,69278.4,Baixo,15,21,6,2026-04-07 14:31:23.643018,2026-04-28 14:31:23.643018,2026-04-28 14:31:23.643018,Parcialmente Recebido
PED-79C23756,SKU-000065,FORN-00014,381,152.72,58186.32,Alto,19,19,0,2026-04-07 14:31:23.643018,2026-04-26 14:31:23.643018,2026-04-26 14:31:23.643018,Parcialmente Recebido
PED-B34EC560,SKU-000097,FORN-00041,1383,116.18,160676.94,Alto,30,30,0,2026-04-07 14:31:23.643018,2026-05-07 14:31:23.643018,2026-05-07 14:31:23.643018,Parcialmente Recebido
PED-EA2BD665,SKU-000175,FORN-00030,9254,41.2,381264.8,Alto,15,15,0,2026-04-07 14:31:23.643018,2026-04-22 14:31:23.643018,2026-04-22 14:31:23.643018,Parcialmente Recebido
PED-560AA6D4,SKU-000176,FORN-00025,1319,145.23,191558.37,Alto,28,28,0,2026-04-07 14:31:23.643018,2026-05-05 14:31:23.643018,2026-05-05 14:31:23.643018,Parcialmente Recebido
PED-A350255C,SKU-000183,FORN-00033,662,88.37,58500.94,Baixo,34,44,10,2026-04-07 14:31:23.643018,2026-05-21 14:31:23.643018,2026-05-21 14:31:23.643018,Parcialmente Recebido
PED-817D6B72,SKU-000006,FORN-00050,275,728.67,200384.25,Médio,30,31,1,2026-04-08 14:31:23.643018,2026-05-09 14:31:23.643018,2026-05-09 14:31:23.643018,Parcialmente Recebido
PED-5E9EEB05,SKU-000056,FORN-00035,1078,203.1,218941.8,Alto,30,30,0,2026-04-08 14:31:23.643018,2026-05-08 14:31:23.643018,2026-05-08 14:31:23.643018,Parcialmente Recebido
PED-8B14C420,SKU-000075,FORN-00005,756,121.72,92020.32,Alto,16,16,0,2026-04-08 14:31:23.643018,2026-04-24 14:31:23.643018,2026-04-24 14:31:23.643018,Parcialmente Recebido
PED-3FF5DAAF,SKU-000119,FORN-00023,57,545.85,31113.45,Médio,22,25,3,2026-04-08 14:31:23.643018,2026-05-03 14:31:23.643018,2026-05-03 14:31:23.643018,Parcialmente Recebido
PED-1BB74489,SKU-000121,FORN-00008,188,153.24,28809.12,Alto,28,28,0,2026-04-08 14:31:23.643018,2026-05-06 14:31:23.643018,2026-05-06 14:31:23.643018,Parcialmente Recebido
PED-17291C88,SKU-000159,FORN-00047,1185,58.3,69085.5,Alto,28,28,0,2026-04-08 14:31:23.643018,2026-05-06 14:31:23.643018,2026-05-06 14:31:23.643018,Parcialmente Recebido
PED-3E82C7BE,SKU-000165,FORN-00005,432,224.87,97143.84,Alto,21,21,0,2026-04-08 14:31:23.643018,2026-04-29 14:31:23.643018,2026-04-29 14:31:23.643018,Parcialmente Recebido
PED-267DDF36,SKU-000174,FORN-00038,3423,438.32,1500369.36,Médio,8,9,1,2026-04-08 14:31:23.643018,2026-04-17 14:31:23.643018,2026-04-17 14:31:23.643018,Parcialmente Recebido
PED-A3E6296E,SKU-000045,FORN-00001,7338,45.49,333805.62,Alto,27,27,0,2026-04-09 14:31:23.643018,2026-05-06 14:31:23.643018,2026-05-06 14:31:23.643018,Parcialmente Recebido
PED-AD388F78,SKU-000054,FORN-00047,3793,224.96,853273.28,Alto,27,27,0,2026-04-09 14:31:23.643018,2026-05-06 14:31:23.643018,2026-05-06 14:31:23.643018,Parcialmente Recebido
PED-98DFD931,SKU-000071,FORN-00033,487,78.87,38409.69,Baixo,30,39,9,2026-04-09 14:31:23.643018,2026-05-18 14:31:23.643018,2026-05-18 14:31:23.643018,Parcialmente Recebido
PED-FB0BFED0,SKU-000173,FORN-00046,1003,58.69,58866.07,Alto,23,23,0,2026-04-09 14:31:23.643018,2026-05-02 14:31:23.643018,2026-05-02 14:31:23.643018,Parcialmente Recebido
PED-07163BF4,SKU-000177,FORN-00045,1286,90.98,117000.28,Alto,20,20,0,2026-04-09 14:31:23.643018,2026-04-29 14:31:23.643018,2026-04-29 14:31:23.643018,Parcialmente Recebido
PED-48BABC63,SKU-000192,FORN-00036,818,230.16,188270.88,Alto,16,16,0,2026-04-09 14:31:23.643018,2026-04-25 14:31:23.643018,2026-04-25 14:31:23.643018,Parcialmente Recebido
PED-431D18F4,SKU-000012,FORN-00018,70,194.58,13620.6,Médio,22,24,2,2026-04-10 14:31:23.643018,2026-05-04 14:31:23.643018,2026-05-04 14:31:23.643018,Parcialmente Recebido
PED-7375FDBA,SKU-000017,FORN-00034,2113,6.76,14283.88,Baixo,11,18,7,2026-04-10 14:31:23.643018,2026-04-28 14:31:23.643018,2026-04-28 14:31:23.643018,Parcialmente Recebido
PED-88B6CC24,SKU-000049,FORN-00048,693,177.83,123236.19,Alto,29,29,0,2026-04-10 14:31:23.643018,2026-05-09 14:31:23.643018,2026-05-09 14:31:23.643018,Parcialmente Recebido
PED-D4067097,SKU-000093,FORN-00035,219,434.39,95131.41,Alto,34,34,0,2026-04-10 14:31:23.643018,2026-05-14 14:31:23.643018,2026-05-14 14:31:23.643018,Parcialmente Recebido
PED-6352736D,SKU-000113,FORN-00008,1223,106.33,130041.59,Alto,26,26,0,2026-04-10 14:31:23.643018,2026-05-06 14:31:23.643018,2026-05-06 14:31:23.643018,Parcialmente Recebido
PED-989155C6,SKU-000178,FORN-00003,531,174.29,92547.99,Alto,12,12,0,2026-04-10 14:31:23.643018,2026-04-22 14:31:23.643018,2026-04-22 14:31:23.643018,Parcialmente Recebido
PED-C601E486,SKU-000185,FORN-00028,68,101.2,6881.6,Baixo,25,35,10,2026-04-10 14:31:23.643018,2026-05-15 14:31:23.643018,2026-05-15 14:31:23.643018,Parcialmente Recebido
PED-44E17B83,SKU-000004,FORN-00016,411,100.37,41252.07,Alto,17,17,0,2026-04-11 14:31:23.643018,2026-04-28 14:31:23.643018,2026-04-28 14:31:23.643018,Parcialmente Recebido
PED-4CD3687F,SKU-000034,FORN-00042,1184,233.59,276570.56,Alto,13,13,0,2026-04-11 14:31:23.643018,2026-04-24 14:31:23.643018,2026-04-24 14:31:23.643018,Parcialmente Recebido
PED-6B2F3A50,SKU-000042,FORN-00024,1345,196.86,264776.7,Alto,7,7,0,2026-04-11 14:31:23.643018,2026-04-18 14:31:23.643018,2026-04-18 14:31:23.643018,Parcialmente Recebido
PED-E85EC4CD,SKU-000046,FORN-00038,366,448.99,164330.34,Médio,7,8,1,2026-04-11 14:31:23.643018,2026-04-19 14:31:23.643018,2026-04-19 14:31:23.643018,Parcialmente Recebido
PED-491D48C8,SKU-000047,FORN-00039,1313,211.02,277069.26,Baixo,12,19,7,2026-04-11 14:31:23.643018,2026-04-30 14:31:23.643018,2026-04-30 14:31:23.643018,Parcialmente Recebido
PED-9D5BFEBC,SKU-000057,FORN-00018,2052,2.13,4370.76,Médio,21,23,2,2026-04-11 14:31:23.643018,2026-05-04 14:31:23.643018,2026-05-04 14:31:23.643018,Parcialmente Recebido
PED-C3E1A7BA,SKU-000098,FORN-00048,1668,260.02,433713.36,Alto,29,29,0,2026-04-11 14:31:23.643018,2026-05-10 14:31:23.643018,2026-05-10 14:31:23.643018,Parcialmente Recebido
PED-915E1E9F,SKU-000124,FORN-00032,787,169.72,133569.64,Médio,24,28,4,2026-04-11 14:31:23.643018,2026-05-09 14:31:23.643018,2026-05-09 14:31:23.643018,Parcialmente Recebido
PED-DE276FAE,SKU-000142,FORN-00020,171,194.08,33187.68,Alto,30,30,0,2026-04-11 14:31:23.643018,2026-05-11 14:31:23.643018,2026-05-11 14:31:23.643018,Parcialmente Recebido
PED-87B0C7F8,SKU-000161,FORN-00020,7168,7.51,53831.68,Alto,26,26,0,2026-04-11 14:31:23.643018,2026-05-07 14:31:23.643018,2026-05-07 14:31:23.643018,Parcialmente Recebido
PED-F4A0DADB,SKU-000163,FORN-00025,444,148.88,66102.72,Alto,31,31,0,2026-04-11 14:31:23.643018,2026-05-12 14:31:23.643018,2026-05-12 14:31:23.643018,Parcialmente Recebido
PED-5099BF26,SKU-000197,FORN-00049,1284,102.48,131584.32,Médio,19,22,3,2026-04-11 14:31:23.643018,2026-05-03 14:31:23.643018,2026-05-03 14:31:23.643018,Parcialmente Recebido
PED-06AB1C62,SKU-000095,FORN-00018,394,252.16,99351.04,Médio,23,24,1,2026-04-12 14:31:23.643018,2026-05-06 14:31:23.643018,2026-05-06 14:31:23.643018,Parcialmente Recebido
PED-2800487D,SKU-000172,FORN-00036,599,34.81,20851.19,Alto,16,16,0,2026-04-12 14:31:23.643018,2026-04-28 14:31:23.643018,2026-04-28 14:31:23.643018,Parcialmente Recebido
PED-02E4CD9F,SKU-000195,FORN-00031,1611,131.37,211637.07,Alto,28,28,0,2026-04-12 14:31:23.643018,2026-05-10 14:31:23.643018,2026-05-10 14:31:23.643018,Parcialmente Recebido
PED-470A4EF5,SKU-000070,FORN-00018,1997,44.92,89705.24,Médio,18,19,1,2026-04-13 14:31:23.643018,2026-05-02 14:31:23.643018,2026-05-02 14:31:23.643018,Parcialmente Recebido
PED-A1554356,SKU-000104,FORN-00033,1436,137.86,197966.96,Baixo,32,36,4,2026-04-13 14:31:23.643018,2026-05-19 14:31:23.643018,2026-05-19 14:31:23.643018,Parcialmente Recebido
PED-051B6E92,SKU-000129,FORN-00039,11524,28.96,333735.04,Baixo,17,21,4,2026-04-13 14:31:23.643018,2026-05-04 14:31:23.643018,2026-05-04 14:31:23.643018,Parcialmente Recebido
PED-11E518B8,SKU-000130,FORN-00021,552,280.4,154780.8,Médio,29,31,2,2026-04-13 14:31:23.643018,2026-05-14 14:31:23.643018,2026-05-14 14:31:23.643018,Parcialmente Recebido
PED-2D4E0593,SKU-000140,FORN-00014,5579,11.88,66278.52,Alto,19,19,0,2026-04-13 14:31:23.643018,2026-05-02 14:31:23.643018,2026-05-02 14:31:23.643018,Parcialmente Recebido
PED-79225797,SKU-000198,FORN-00044,57,1353.23,77134.11,Alto,10,10,0,2026-04-13 14:31:23.643018,2026-04-23 14:31:23.643018,2026-04-23 14:31:23.643018,Parcialmente Recebido
PED-837B8630,SKU-000015,FORN-00020,832,109.37,90995.84,Alto,27,27,0,2026-04-14 14:31:23.643018,2026-05-11 14:31:23.643018,2026-05-11 14:31:23.643018,Parcialmente Recebido
PED-84EC0040,SKU-000020,FORN-00044,623,517.7,322527.1,Alto,10,10,0,2026-04-14 14:31:23.643018,2026-04-24 14:31:23.643018,2026-04-24 14:31:23.643018,Parcialmente Recebido
PED-A8AC6966,SKU-000026,FORN-00018,1790,258.36,462464.4,Médio,18,20,2,2026-04-14 14:31:23.643018,2026-05-04 14:31:23.643018,2026-05-04 14:31:23.643018,Parcialmente Recebido
PED-290C122F,SKU-000040,FORN-00002,703,111.06,78075.18,Médio,14,17,3,2026-04-14 14:31:23.643018,2026-05-01 14:31:23.643018,2026-05-01 14:31:23.643018,Parcialmente Recebido
PED-43ED5029,SKU-000118,FORN-00012,1037,85.58,88746.46,Alto,29,29,0,2026-04-14 14:31:23.643018,2026-05-13 14:31:23.643018,2026-05-13 14:31:23.643018,Parcialmente Recebido
PED-C1604B9A,SKU-000157,FORN-00013,500,358.53,179265.0,Alto,18,18,0,2026-04-14 14:31:23.643018,2026-05-02 14:31:23.643018,2026-05-02 14:31:23.643018,Parcialmente Recebido
PED-8C939DA1,SKU-000162,FORN-00042,210,84.25,17692.5,Alto,17,17,0,2026-04-14 14:31:23.643018,2026-05-01 14:31:23.643018,2026-05-01 14:31:23.643018,Parcialmente Recebido
PED-35F5BB26,SKU-000041,FORN-00023,6308,22.42,141425.36,Médio,20,24,4,2026-04-15 14:31:23.643018,2026-05-09 14:31:23.643018,2026-05-09 14:31:23.643018,Parcialmente Recebido
PED-64A6E448,SKU-000053,FORN-00008,1354,176.87,239481.98,Alto,28,28,0,2026-04-15 14:31:23.643018,2026-05-13 14:31:23.643018,2026-05-13 14:31:23.643018,Parcialmente Recebido
PED-5D22F536,SKU-000067,FORN-00032,15248,24.39,371898.72,Médio,20,21,1,2026-04-15 14:31:23.643018,2026-05-06 14:31:23.643018,2026-05-06 14:31:23.643018,Parcialmente Recebido
PED-F7F3AD2A,SKU-000085,FORN-00030,541,105.72,57194.52,Alto,11,11,0,2026-04-15 14:31:23.643018,2026-04-26 14:31:23.643018,2026-04-26 14:31:23.643018,Parcialmente Recebido
PED-16ACF709,SKU-000105,FORN-00007,1994,321.97,642008.18,Médio,32,34,2,2026-04-15 14:31:23.643018,2026-05-19 14:31:23.643018,2026-05-19 14:31:23.643018,Parcialmente Recebido
PED-8EDF1C53,SKU-000116,FORN-00036,16233,1.67,27109.11,Alto,12,12,0,2026-04-15 14:31:23.643018,2026-04-27 14:31:23.643018,2026-04-27 14:31:23.643018,Parcialmente Recebido
PED-5F323875,SKU-000120,FORN-00014,5092,21.38,108866.96,Alto,17,17,0,2026-04-15 14:31:23.643018,2026-05-02 14:31:23.643018,2026-05-02 14:31:23.643018,Parcialmente Recebido
PED-F1CE560E,SKU-000156,FORN-00005,404,96.09,38820.36,Alto,19,19,0,2026-04-15 14:31:23.643018,2026-05-04 14:31:23.643018,2026-05-04 14:31:23.643018,Parcialmente Recebido
PED-EB44CDE5,SKU-000160,FORN-00042,2643,254.49,672617.07,Alto,12,12,0,2026-04-15 14:31:23.643018,2026-04-27 14:31:23.643018,2026-04-27 14:31:23.643018,Parcialmente Recebido
PED-5AFE87DB,SKU-000164,FORN-00040,20972,38.39,805115.08,Alto,13,13,0,2026-04-15 14:31:23.643018,2026-04-28 14:31:23.643018,2026-04-28 14:31:23.643018,Parcialmente Recebido
PED-7FED92FE,SKU-000170,FORN-00025,833,119.27,99351.91,Alto,28,28,0,2026-04-15 14:31:23.643018,2026-05-13 14:31:23.643018,2026-05-13 14:31:23.643018,Parcialmente Recebido
PED-1319F1A5,SKU-000180,FORN-00021,2894,372.69,1078564.86,Médio,29,31,2,2026-04-15 14:31:23.643018,2026-05-16 14:31:23.643018,2026-05-16 14:31:23.643018,Parcialmente Recebido
PED-A55ED075,SKU-000187,FORN-00010,1753,138.06,242019.18,Baixo,9,14,5,2026-04-15 14:31:23.643018,2026-04-29 14:31:23.643018,2026-04-29 14:31:23.643018,Parcialmente Recebido
PED-14F2A7C0,SKU-000200,FORN-00040,743,243.15,180660.45,Alto,15,15,0,2026-04-15 14:31:23.643018,2026-04-30 14:31:23.643018,2026-04-30 14:31:23.643018,Parcialmente Recebido
PED-CF2B750E,SKU-000058,FORN-00005,1420,176.74,250970.8,Alto,19,19,0,2026-04-16 14:31:23.643018,2026-05-05 14:31:23.643018,2026-05-05 14:31:23.643018,Parcialmente Recebido
PED-F5689AA1,SKU-000078,FORN-00013,14211,5.67,80576.37,Alto,22,22,0,2026-04-16 14:31:23.643018,2026-05-08 14:31:23.643018,2026-05-08 14:31:23.643018,Parcialmente Recebido
PED-17600D98,SKU-000087,FORN-00040,494,53.08,26221.52,Alto,13,13,0,2026-04-16 14:31:23.643018,2026-04-29 14:31:23.643018,2026-04-29 14:31:23.643018,Parcialmente Recebido
PED-4B579B77,SKU-000199,FORN-00023,1694,137.86,233534.84,Médio,21,25,4,2026-04-16 14:31:23.643018,2026-05-11 14:31:23.643018,2026-05-11 14:31:23.643018,Parcialmente Recebido
PED-95B24AA2,SKU-000059,FORN-00026,4306,228.14,982370.84,Alto,22,22,0,2026-04-17 14:31:23.643018,2026-05-09 14:31:23.643018,2026-05-09 14:31:23.643018,Parcialmente Recebido
PED-723E27E1,SKU-000132,FORN-00044,871,411.89,358756.19,Alto,11,11,0,2026-04-17 14:31:23.643018,2026-04-28 14:31:23.643018,2026-04-28 14:31:23.643018,Parcialmente Recebido
PED-0D8B1AAA,SKU-000143,FORN-00024,634,57.33,36347.22,Alto,6,6,0,2026-04-17 14:31:23.643018,2026-04-23 14:31:23.643018,2026-04-23 14:31:23.643018,Parcialmente Recebido
PED-41A5872B,SKU-000169,FORN-00012,40,2750.47,110018.8,Alto,26,26,0,2026-04-17 14:31:23.643018,2026-05-13 14:31:23.643018,2026-05-13 14:31:23.643018,Parcialmente Recebido
PED-014C2524,SKU-000174,FORN-00038,3909,438.32,1713392.88,Médio,8,10,2,2026-04-17 14:31:23.643018,2026-04-27 14:31:23.643018,2026-04-27 14:31:23.643018,Parcialmente Recebido
PED-6202166F,SKU-000061,FORN-00038,1227,439.73,539548.71,Médio,9,10,1,2026-04-18 14:31:23.643018,2026-04-28 14:31:23.643018,2026-04-28 14:31:23.643018,Parcialmente Recebido
PED-A281CFC7,SKU-000073,FORN-00036,1401,107.07,150005.07,Alto,14,14,0,2026-04-18 14:31:23.643018,2026-05-02 14:31:23.643018,2026-05-02 14:31:23.643018,Parcialmente Recebido
PED-F4D1D7EA,SKU-000168,FORN-00046,2654,214.89,570318.06,Alto,24,24,0,2026-04-18 14:31:23.643018,2026-05-12 14:31:23.643018,2026-05-12 14:31:23.643018,Parcialmente Recebido
PED-62C8CBDF,SKU-000184,FORN-00005,440,155.77,68538.8,Alto,20,20,0,2026-04-18 14:31:23.643018,2026-05-08 14:31:23.643018,2026-05-08 14:31:23.643018,Parcialmente Recebido
PED-BE790AF0,SKU-000033,FORN-00040,547,189.25,103519.75,Alto,12,12,0,2026-04-19 14:31:23.643018,2026-05-01 14:31:23.643018,2026-05-01 14:31:23.643018,Parcialmente Recebido
PED-FA6675DF,SKU-000084,FORN-00023,10959,25.16,275728.44,Médio,25,29,4,2026-04-19 14:31:23.643018,2026-05-18 14:31:23.643018,2026-05-18 14:31:23.643018,Parcialmente Recebido
PED-C10D47F7,SKU-000128,FORN-00021,1823,160.25,292135.75,Médio,32,35,3,2026-04-19 14:31:23.643018,2026-05-24 14:31:23.643018,2026-05-24 14:31:23.643018,Parcialmente Recebido
PED-1DA3750F,SKU-000145,FORN-00013,1822,107.75,196320.5,Alto,18,18,0,2026-04-19 14:31:23.643018,2026-05-07 14:31:23.643018,2026-05-07 14:31:23.643018,Parcialmente Recebido
PED-5D43B814,SKU-000148,FORN-00040,12945,23.53,304595.85,Alto,14,14,0,2026-04-19 14:31:23.643018,2026-05-03 14:31:23.643018,2026-05-03 14:31:23.643018,Parcialmente Recebido
PED-1DD2F254,SKU-000150,FORN-00038,3085,204.52,630944.2,Médio,9,12,3,2026-04-19 14:31:23.643018,2026-05-01 14:31:23.643018,2026-05-01 14:31:23.643018,Parcialmente Recebido
PED-C91A151A,SKU-000001,FORN-00026,791,433.38,342803.58,Alto,22,22,0,2026-04-20 14:31:23.643018,2026-05-12 14:31:23.643018,2026-05-12 14:31:23.643018,Parcialmente Recebido
PED-A322520C,SKU-000003,FORN-00014,516,86.54,44654.64,Alto,18,18,0,2026-04-20 14:31:23.643018,2026-05-08 14:31:23.643018,2026-05-08 14:31:23.643018,Parcialmente Recebido
PED-76EBAE94,SKU-000008,FORN-00022,16293,17.68,288060.24,Médio,27,29,2,2026-04-20 14:31:23.643018,2026-05-19 14:31:23.643018,2026-05-19 14:31:23.643018,Parcialmente Recebido
PED-92C90F24,SKU-000035,FORN-00025,14641,26.24,384179.84,Alto,31,31,0,2026-04-20 14:31:23.643018,2026-05-21 14:31:23.643018,2026-05-21 14:31:23.643018,Parcialmente Recebido
PED-FA4592D3,SKU-000039,FORN-00010,48,1338.77,64260.96,Baixo,7,16,9,2026-04-20 14:31:23.643018,2026-05-06 14:31:23.643018,2026-05-06 14:31:23.643018,Parcialmente Recebido
PED-5D3A8C22,SKU-000062,FORN-00050,932,113.61,105884.52,Médio,30,34,4,2026-04-20 14:31:23.643018,2026-05-24 14:31:23.643018,2026-05-24 14:31:23.643018,Parcialmente Recebido
PED-601C7410,SKU-000077,FORN-00048,2417,288.29,696796.93,Alto,30,30,0,2026-04-20 14:31:23.643018,2026-05-20 14:31:23.643018,2026-05-20 14:31:23.643018,Parcialmente Recebido
PED-85F1FCA9,SKU-000123,FORN-00015,940,13.48,12671.2,Alto,7,7,0,2026-04-20 14:31:23.643018,2026-04-27 14:31:23.643018,2026-04-27 14:31:23.643018,Parcialmente Recebido
PED-C5383787,SKU-000154,FORN-00036,2602,86.04,223876.08,Alto,12,12,0,2026-04-20 14:31:23.643018,2026-05-02 14:31:23.643018,2026-05-02 14:31:23.643018,Parcialmente Recebido
PED-E31189D4,SKU-000019,FORN-00038,3489,48.88,170542.32,Médio,9,13,4,2026-04-21 14:31:23.643018,2026-05-04 14:31:23.643018,2026-05-04 14:31:23.643018,Parcialmente Recebido
PED-DB6AE9AA,SKU-000027,FORN-00039,3579,479.81,1717239.99,Baixo,15,24,9,2026-04-21 14:31:23.643018,2026-05-15 14:31:23.643018,2026-05-15 14:31:23.643018,Parcialmente Recebido
PED-80847812,SKU-000064,FORN-00018,2639,288.18,760507.02,Médio,19,21,2,2026-04-21 14:31:23.643018,2026-05-12 14:31:23.643018,2026-05-12 14:31:23.643018,Parcialmente Recebido
PED-F9AB4AC0,SKU-000189,FORN-00019,18907,25.0,472675.0,Alto,17,17,0,2026-04-21 14:31:23.643018,2026-05-08 14:31:23.643018,2026-05-08 14:31:23.643018,Parcialmente Recebido
PED-77650138,SKU-000194,FORN-00017,1364,24.49,33404.36,Alto,22,22,0,2026-04-21 14:31:23.643018,2026-05-13 14:31:23.643018,2026-05-13 14:31:23.643018,Parcialmente Recebido
PED-014F446E,SKU-000074,FORN-00037,17255,24.46,422057.3,Baixo,25,31,6,2026-04-22 14:31:23.643018,2026-05-23 14:31:23.643018,2026-05-23 14:31:23.643018,Parcialmente Recebido
PED-A56B08BA,SKU-000079,FORN-00005,10809,33.47,361777.23,Alto,18,18,0,2026-04-22 14:31:23.643018,2026-05-10 14:31:23.643018,2026-05-10 14:31:23.643018,Parcialmente Recebido
PED-E0C63916,SKU-000091,FORN-00010,2070,100.69,208428.3,Baixo,11,18,7,2026-04-22 14:31:23.643018,2026-05-10 14:31:23.643018,2026-05-10 14:31:23.643018,Parcialmente Recebido
PED-287B5BAB,SKU-000100,FORN-00039,3093,19.54,60437.22,Baixo,16,24,8,2026-04-22 14:31:23.643018,2026-05-16 14:31:23.643018,2026-05-16 14:31:23.643018,Parcialmente Recebido
PED-844C708C,SKU-000103,FORN-00029,80,1060.63,84850.4,Alto,27,27,0,2026-04-22 14:31:23.643018,2026-05-19 14:31:23.643018,2026-05-19 14:31:23.643018,Parcialmente Recebido
PED-0457A85D,SKU-000109,FORN-00025,498,102.6,51094.8,Alto,31,31,0,2026-04-22 14:31:23.643018,2026-05-23 14:31:23.643018,2026-05-23 14:31:23.643018,Parcialmente Recebido
PED-C9714F81,SKU-000115,FORN-00019,3051,79.37,242157.87,Alto,17,17,0,2026-04-22 14:31:23.643018,2026-05-09 14:31:23.643018,2026-05-09 14:31:23.643018,Parcialmente Recebido
PED-CDE9B908,SKU-000171,FORN-00007,13695,43.5,595732.5,Médio,35,38,3,2026-04-22 14:31:23.643018,2026-05-30 14:31:23.643018,2026-05-30 14:31:23.643018,Parcialmente Recebido
PED-4CA2A3BA,SKU-000175,FORN-00030,10681,41.2,440057.2,Alto,15,15,0,2026-04-22 14:31:23.643018,2026-05-07 14:31:23.643018,2026-05-07 14:31:23.643018,Parcialmente Recebido
PED-C1528EDB,SKU-000178,FORN-00003,653,174.29,113811.37,Alto,12,12,0,2026-04-22 14:31:23.643018,2026-05-04 14:31:23.643018,2026-05-04 14:31:23.643018,Parcialmente Recebido
PED-38EDB90C,SKU-000193,FORN-00036,1507,70.27,105896.89,Alto,17,17,0,2026-04-22 14:31:23.643018,2026-05-09 14:31:23.643018,2026-05-09 14:31:23.643018,Parcialmente Recebido
PED-F6B09C26,SKU-000044,FORN-00045,571,85.75,48963.25,Alto,22,22,0,2026-04-23 14:31:23.643018,2026-05-15 14:31:23.643018,2026-05-15 14:31:23.643018,Parcialmente Recebido
PED-7FB4E9B4,SKU-000051,FORN-00009,973,56.57,55042.61,Médio,22,24,2,2026-04-23 14:31:23.643018,2026-05-17 14:31:23.643018,2026-05-17 14:31:23.643018,Parcialmente Recebido
PED-D39CFC7C,SKU-000055,FORN-00023,1644,165.93,272788.92,Médio,25,28,3,2026-04-23 14:31:23.643018,2026-05-21 14:31:23.643018,2026-05-21 14:31:23.643018,Parcialmente Recebido
PED-ECEBFCF8,SKU-000083,FORN-00049,1683,207.45,349138.35,Médio,18,21,3,2026-04-23 14:31:23.643018,2026-05-14 14:31:23.643018,2026-05-14 14:31:23.643018,Parcialmente Recebido
PED-DB476440,SKU-000106,FORN-00002,338,494.37,167097.06,Médio,18,19,1,2026-04-23 14:31:23.643018,2026-05-12 14:31:23.643018,2026-05-12 14:31:23.643018,Parcialmente Recebido
PED-CDE52B79,SKU-000107,FORN-00049,205,798.17,163624.85,Médio,21,23,2,2026-04-23 14:31:23.643018,2026-05-16 14:31:23.643018,2026-05-16 14:31:23.643018,Parcialmente Recebido
PED-0E82D017,SKU-000122,FORN-00017,9637,48.99,472116.63,Alto,23,23,0,2026-04-23 14:31:23.643018,2026-05-16 14:31:23.643018,2026-05-16 14:31:23.643018,Parcialmente Recebido
PED-5468DB89,SKU-000127,FORN-00010,1693,208.51,353007.43,Baixo,11,18,7,2026-04-23 14:31:23.643018,2026-05-11 14:31:23.643018,2026-05-11 14:31:23.643018,Parcialmente Recebido
PED-F248ED16,SKU-000151,FORN-00025,922,431.68,398008.96,Alto,29,29,0,2026-04-23 14:31:23.643018,2026-05-22 14:31:23.643018,2026-05-22 14:31:23.643018,Parcialmente Recebido
PED-1F300F4D,SKU-000179,FORN-00030,972,26.03,25301.16,Alto,12,12,0,2026-04-23 14:31:23.643018,2026-05-05 14:31:23.643018,2026-05-05 14:31:23.643018,Parcialmente Recebido
PED-D5B72DDD,SKU-000186,FORN-00037,1802,149.15,268768.3,Baixo,26,35,9,2026-04-23 14:31:23.643018,2026-05-28 14:31:23.643018,2026-05-28 14:31:23.643018,Parcialmente Recebido
PED-E7BCDDEA,SKU-000014,FORN-00002,962,67.48,64915.76,Médio,16,18,2,2026-04-24 14:31:23.643018,2026-05-12 14:31:23.643018,2026-05-12 14:31:23.643018,Parcialmente Recebido
PED-12FF5186,SKU-000021,FORN-00048,46,2135.66,98240.36,Alto,27,27,0,2026-04-24 14:31:23.643018,2026-05-21 14:31:23.643018,2026-05-21 14:31:23.643018,Parcialmente Recebido
PED-F3B03C24,SKU-000034,FORN-00042,1450,233.59,338705.5,Alto,13,13,0,2026-04-24 14:31:23.643018,2026-05-07 14:31:23.643018,2026-05-07 14:31:23.643018,Parcialmente Recebido
PED-8FBE51ED,SKU-000043,FORN-00020,4506,457.57,2061810.42,Alto,28,28,0,2026-04-24 14:31:23.643018,2026-05-22 14:31:23.643018,2026-05-22 14:31:23.643018,Parcialmente Recebido
PED-26C113E5,SKU-000075,FORN-00005,1001,121.72,121841.72,Alto,16,16,0,2026-04-24 14:31:23.643018,2026-05-10 14:31:23.643018,2026-05-10 14:31:23.643018,Parcialmente Recebido
PED-B97FC263,SKU-000082,FORN-00004,7725,13.0,100425.0,Médio,26,29,3,2026-04-24 14:31:23.643018,2026-05-23 14:31:23.643018,2026-05-23 14:31:23.643018,Parcialmente Recebido
PED-377E33E4,SKU-000108,FORN-00011,2799,257.91,721890.09,Médio,21,24,3,2026-04-24 14:31:23.643018,2026-05-18 14:31:23.643018,2026-05-18 14:31:23.643018,Parcialmente Recebido
PED-E71F7105,SKU-000111,FORN-00038,747,25.39,18966.33,Médio,8,11,3,2026-04-24 14:31:23.643018,2026-05-05 14:31:23.643018,2026-05-05 14:31:23.643018,Parcialmente Recebido
PED-95C12879,SKU-000112,FORN-00027,121,20.55,2486.55,Alto,6,6,0,2026-04-24 14:31:23.643018,2026-04-30 14:31:23.643018,2026-04-30 14:31:23.643018,Parcialmente Recebido
PED-B8D612C8,SKU-000137,FORN-00045,18818,43.42,817077.56,Alto,22,22,0,2026-04-24 14:31:23.643018,2026-05-16 14:31:23.643018,2026-05-16 14:31:23.643018,Parcialmente Recebido
PED-809EC0C2,SKU-000144,FORN-00049,1544,39.18,60493.92,Médio,22,25,3,2026-04-24 14:31:23.643018,2026-05-19 14:31:23.643018,2026-05-19 14:31:23.643018,Parcialmente Recebido
PED-8C967020,SKU-000152,FORN-00038,2998,450.38,1350239.24,Médio,10,13,3,2026-04-24 14:31:23.643018,2026-05-07 14:31:23.643018,2026-05-07 14:31:23.643018,Parcialmente Recebido
PED-063084EF,SKU-000192,FORN-00036,977,230.16,224866.32,Alto,16,16,0,2026-04-25 14:31:23.643018,2026-05-11 14:31:23.643018,2026-05-11 14:31:23.643018,Parcialmente Recebido
PED-19E041CC,SKU-000005,FORN-00041,17516,7.32,128217.12,Alto,31,31,0,2026-04-26 14:31:23.643018,2026-05-27 14:31:23.643018,2026-05-27 14:31:23.643018,Parcialmente Recebido
PED-B28B9988,SKU-000028,FORN-00005,1017,247.66,251870.22,Alto,20,20,0,2026-04-26 14:31:23.643018,2026-05-16 14:31:23.643018,2026-05-16 14:31:23.643018,Parcialmente Recebido
PED-DF42762B,SKU-000037,FORN-00031,1268,120.15,152350.2,Alto,25,25,0,2026-04-26 14:31:23.643018,2026-05-21 14:31:23.643018,2026-05-21 14:31:23.643018,Parcialmente Recebido
PED-70C5C540,SKU-000063,FORN-00018,1345,138.86,186766.7,Médio,19,23,4,2026-04-26 14:31:23.643018,2026-05-19 14:31:23.643018,2026-05-19 14:31:23.643018,Parcialmente Recebido
PED-993C0762,SKU-000065,FORN-00014,600,152.72,91632.0,Alto,19,19,0,2026-04-26 14:31:23.643018,2026-05-15 14:31:23.643018,2026-05-15 14:31:23.643018,Parcialmente Recebido
PED-BB34F283,SKU-000069,FORN-00034,1211,113.71,137702.81,Baixo,10,19,9,2026-04-26 14:31:23.643018,2026-05-15 14:31:23.643018,2026-05-15 14:31:23.643018,Parcialmente Recebido
PED-AE0778D4,SKU-000092,FORN-00003,607,99.99,60693.93,Alto,9,9,0,2026-04-26 14:31:23.643018,2026-05-05 14:31:23.643018,2026-05-05 14:31:23.643018,Parcialmente Recebido
PED-037AE393,SKU-000134,FORN-00003,428,30.95,13246.6,Alto,12,12,0,2026-04-26 14:31:23.643018,2026-05-08 14:31:23.643018,2026-05-08 14:31:23.643018,Parcialmente Recebido
PED-F35698FC,SKU-000181,FORN-00035,2091,321.55,672361.05,Alto,34,34,0,2026-04-26 14:31:23.643018,2026-05-30 14:31:23.643018,2026-05-30 14:31:23.643018,Parcialmente Recebido
PED-4C1946AB,SKU-000182,FORN-00009,597,346.93,207117.21,Médio,25,29,4,2026-04-26 14:31:23.643018,2026-05-25 14:31:23.643018,2026-05-25 14:31:23.643018,Parcialmente Recebido
PED-75A56729,SKU-000024,FORN-00035,50,344.24,17212.0,Alto,31,31,0,2026-04-27 14:31:23.643018,2026-05-28 14:31:23.643018,2026-05-28 14:31:23.643018,Parcialmente Recebido
PED-944C7F6A,SKU-000060,FORN-00013,1076,33.02,35529.52,Alto,23,23,0,2026-04-27 14:31:23.643018,2026-05-20 14:31:23.643018,2026-05-20 14:31:23.643018,Parcialmente Recebido
PED-5DF8FFCF,SKU-000081,FORN-00008,9456,7.74,73189.44,Alto,27,27,0,2026-04-27 14:31:23.643018,2026-05-24 14:31:23.643018,2026-05-24 14:31:23.643018,Parcialmente Recebido
PED-D8852AE7,SKU-000099,FORN-00034,528,541.27,285790.56,Baixo,14,21,7,2026-04-27 14:31:23.643018,2026-05-18 14:31:23.643018,2026-05-18 14:31:23.643018,Parcialmente Recebido
PED-7F1E352B,SKU-000123,FORN-00015,1007,13.48,13574.36,Alto,7,7,0,2026-04-27 14:31:23.643018,2026-05-04 14:31:23.643018,2026-05-04 14:31:23.643018,Parcialmente Recebido
PED-301C2BF4,SKU-000002,FORN-00022,1176,47.45,55801.2,Médio,26,28,2,2026-04-28 14:31:23.643018,2026-05-26 14:31:23.643018,2026-05-26 14:31:23.643018,Parcialmente Recebido
PED-CDC2993F,SKU-000004,FORN-00016,574,100.37,57612.38,Alto,17,17,0,2026-04-28 14:31:23.643018,2026-05-15 14:31:23.643018,2026-05-15 14:31:23.643018,Parcialmente Recebido
PED-828030CE,SKU-000017,FORN-00034,2566,6.76,17346.16,Baixo,11,14,3,2026-04-28 14:31:23.643018,2026-05-12 14:31:23.643018,2026-05-12 14:31:23.643018,Parcialmente Recebido
PED-0B962A4E,SKU-000025,FORN-00034,139,577.32,80247.48,Baixo,15,25,10,2026-04-28 14:31:23.643018,2026-05-23 14:31:23.643018,2026-05-23 14:31:23.643018,Parcialmente Recebido
PED-95CE3E21,SKU-000031,FORN-00035,63,1056.09,66533.67,Alto,30,30,0,2026-04-28 14:31:23.643018,2026-05-28 14:31:23.643018,2026-05-28 14:31:23.643018,Parcialmente Recebido
PED-B071442A,SKU-000048,FORN-00004,1127,206.18,232364.86,Médio,26,30,4,2026-04-28 14:31:23.643018,2026-05-28 14:31:23.643018,2026-05-28 14:31:23.643018,Parcialmente Recebido
PED-665B1BF7,SKU-000061,FORN-00038,1239,439.73,544825.47,Médio,9,13,4,2026-04-28 14:31:23.643018,2026-05-11 14:31:23.643018,2026-05-11 14:31:23.643018,Parcialmente Recebido
PED-B26B639B,SKU-000066,FORN-00032,1037,244.2,253235.4,Médio,21,24,3,2026-04-28 14:31:23.643018,2026-05-22 14:31:23.643018,2026-05-22 14:31:23.643018,Parcialmente Recebido
PED-0DFC7ADA,SKU-000164,FORN-00040,20843,38.39,800162.77,Alto,13,13,0,2026-04-28 14:31:23.643018,2026-05-11 14:31:23.643018,2026-05-11 14:31:23.643018,Parcialmente Recebido
PED-F4B43A08,SKU-000172,FORN-00036,757,34.81,26351.17,Alto,16,16,0,2026-04-28 14:31:23.643018,2026-05-14 14:31:23.643018,2026-05-14 14:31:23.643018,Parcialmente Recebido
PED-BA1A0AF1,SKU-000022,FORN-00007,1006,93.1,93658.6,Médio,30,31,1,2026-04-29 14:31:23.643018,2026-05-30 14:31:23.643018,2026-05-30 14:31:23.643018,Parcialmente Recebido
PED-55200A51,SKU-000032,FORN-00018,4938,63.91,315587.58,Médio,19,20,1,2026-04-29 14:31:23.643018,2026-05-19 14:31:23.643018,2026-05-19 14:31:23.643018,Parcialmente Recebido
PED-C6B3509A,SKU-000036,FORN-00027,1643,26.7,43868.1,Alto,8,8,0,2026-04-29 14:31:23.643018,2026-05-07 14:31:23.643018,2026-05-07 14:31:23.643018,Parcialmente Recebido
PED-AA2416A9,SKU-000072,FORN-00031,21586,5.67,122392.62,Alto,27,27,0,2026-04-29 14:31:23.643018,2026-05-26 14:31:23.643018,2026-05-26 14:31:23.643018,Parcialmente Recebido
PED-97C3C3A4,SKU-000101,FORN-00030,467,118.59,55381.53,Alto,14,14,0,2026-04-29 14:31:23.643018,2026-05-13 14:31:23.643018,2026-05-13 14:31:23.643018,Parcialmente Recebido
PED-13DB372F,SKU-000102,FORN-00027,283,143.16,40514.28,Alto,10,10,0,2026-04-29 14:31:23.643018,2026-05-09 14:31:23.643018,2026-05-09 14:31:23.643018,Parcialmente Recebido
PED-BEE992EE,SKU-000110,FORN-00028,4457,7.0,31199.0,Baixo,24,31,7,2026-04-29 14:31:23.643018,2026-05-30 14:31:23.643018,2026-05-30 14:31:23.643018,Parcialmente Recebido
PED-BAFFA7F3,SKU-000165,FORN-00005,539,224.87,121204.93,Alto,21,21,0,2026-04-29 14:31:23.643018,2026-05-20 14:31:23.643018,2026-05-20 14:31:23.643018,Parcialmente Recebido
PED-B5BD3212,SKU-000177,FORN-00045,1924,90.98,175045.52,Alto,20,20,0,2026-04-29 14:31:23.643018,2026-05-19 14:31:23.643018,2026-05-19 14:31:23.643018,Parcialmente Recebido
PED-F24B1BAC,SKU-000187,FORN-00010,2045,138.06,282332.7,Baixo,9,19,10,2026-04-29 14:31:23.643018,2026-05-18 14:31:23.643018,2026-05-18 14:31:23.643018,Parcialmente Recebido
PED-5ED6857D,SKU-000047,FORN-00039,1762,211.02,371817.24,Baixo,12,21,9,2026-04-30 14:31:23.643018,2026-05-21 14:31:23.643018,2026-05-21 14:31:23.643018,Parcialmente Recebido
PED-B545672B,SKU-000149,FORN-00017,2375,48.87,116066.25,Alto,24,24,0,2026-04-30 14:31:23.643018,2026-05-24 14:31:23.643018,2026-05-24 14:31:23.643018,Parcialmente Recebido
PED-84CFC963,SKU-000191,FORN-00008,773,149.38,115470.74,Alto,29,29,0,2026-04-30 14:31:23.643018,2026-05-29 14:31:23.643018,2026-05-29 14:31:23.643018,Parcialmente Recebido
PED-51AC241E,SKU-000196,FORN-00031,1861,282.84,526365.24,Alto,25,25,0,2026-04-30 14:31:23.643018,2026-05-25 14:31:23.643018,2026-05-25 14:31:23.643018,Parcialmente Recebido
PED-50AD1B62,SKU-000200,FORN-00040,852,243.15,207163.8,Alto,15,15,0,2026-04-30 14:31:23.643018,2026-05-15 14:31:23.643018,2026-05-15 14:31:23.643018,Parcialmente Recebido
PED-836B82AC,SKU-000011,FORN-00010,1939,118.06,228918.34,Baixo,8,16,8,2026-05-01 14:31:23.643018,2026-05-17 14:31:23.643018,2026-05-17 14:31:23.643018,Parcialmente Recebido
PED-B13FF78A,SKU-000029,FORN-00041,565,30.91,17464.15,Alto,28,28,0,2026-05-01 14:31:23.643018,2026-05-29 14:31:23.643018,2026-05-29 14:31:23.643018,Parcialmente Recebido
PED-874AAA78,SKU-000040,FORN-00002,1005,111.06,111615.3,Médio,14,16,2,2026-05-01 14:31:23.643018,2026-05-17 14:31:23.643018,2026-05-17 14:31:23.643018,Parcialmente Recebido
PED-012C6B74,SKU-000080,FORN-00004,815,169.84,138419.6,Médio,29,33,4,2026-05-01 14:31:23.643018,2026-06-03 14:31:23.643018,2026-06-03 14:31:23.643018,Parcialmente Recebido
PED-77E46D84,SKU-000136,FORN-00033,504,82.64,41650.56,Baixo,31,40,9,2026-05-01 14:31:23.643018,2026-06-10 14:31:23.643018,,Em Trânsito
PED-9153E705,SKU-000138,FORN-00022,671,190.89,128087.19,Médio,29,32,3,2026-05-01 14:31:23.643018,2026-06-02 14:31:23.643018,2026-06-02 14:31:23.643018,Parcialmente Recebido
PED-F8C02192,SKU-000150,FORN-00038,3456,204.52,706821.12,Médio,9,13,4,2026-05-01 14:31:23.643018,2026-05-14 14:31:23.643018,2026-05-14 14:31:23.643018,Parcialmente Recebido
PED-D8B34084,SKU-000162,FORN-00042,263,84.25,22157.75,Alto,17,17,0,2026-05-01 14:31:23.643018,2026-05-18 14:31:23.643018,2026-05-18 14:31:23.643018,Parcialmente Recebido
PED-63A7BD4A,SKU-000070,FORN-00018,2968,44.92,133322.56,Médio,18,20,2,2026-05-02 14:31:23.643018,2026-05-22 14:31:23.643018,2026-05-22 14:31:23.643018,Parcialmente Recebido
PED-3A5AE49F,SKU-000073,FORN-00036,1473,107.07,157714.11,Alto,14,14,0,2026-05-02 14:31:23.643018,2026-05-16 14:31:23.643018,2026-05-16 14:31:23.643018,Parcialmente Recebido
PED-E5E8D46B,SKU-000120,FORN-00014,5690,21.38,121652.2,Alto,17,17,0,2026-05-02 14:31:23.643018,2026-05-19 14:31:23.643018,2026-05-19 14:31:23.643018,Parcialmente Recebido
PED-103C89E7,SKU-000126,FORN-00004,1539,255.92,393860.88,Médio,29,30,1,2026-05-02 14:31:23.643018,2026-06-01 14:31:23.643018,2026-06-01 14:31:23.643018,Parcialmente Recebido
PED-CB65A966,SKU-000133,FORN-00015,468,699.5,327366.0,Alto,9,9,0,2026-05-02 14:31:23.643018,2026-05-11 14:31:23.643018,2026-05-11 14:31:23.643018,Parcialmente Recebido
PED-6FE3EA00,SKU-000140,FORN-00014,5895,11.88,70032.6,Alto,19,19,0,2026-05-02 14:31:23.643018,2026-05-21 14:31:23.643018,2026-05-21 14:31:23.643018,Parcialmente Recebido
PED-1CF9E80C,SKU-000141,FORN-00043,1235,101.09,124846.15,Alto,8,8,0,2026-05-02 14:31:23.643018,2026-05-10 14:31:23.643018,2026-05-10 14:31:23.643018,Parcialmente Recebido
PED-6B198059,SKU-000155,FORN-00026,19728,21.6,426124.8,Alto,18,18,0,2026-05-02 14:31:23.643018,2026-05-20 14:31:23.643018,2026-05-20 14:31:23.643018,Parcialmente Recebido
PED-ACCE2EC4,SKU-000157,FORN-00013,532,358.53,190737.96,Alto,18,18,0,2026-05-02 14:31:23.643018,2026-05-20 14:31:23.643018,2026-05-20 14:31:23.643018,Parcialmente Recebido
PED-906EC9D5,SKU-000167,FORN-00008,485,210.18,101937.3,Alto,29,29,0,2026-05-02 14:31:23.643018,2026-05-31 14:31:23.643018,2026-05-31 14:31:23.643018,Parcialmente Recebido
PED-DB297726,SKU-000173,FORN-00046,1631,58.69,95723.39,Alto,23,23,0,2026-05-02 14:31:23.643018,2026-05-25 14:31:23.643018,2026-05-25 14:31:23.643018,Parcialmente Recebido
PED-5CDD5825,SKU-000013,FORN-00041,1059,225.06,238338.54,Alto,30,30,0,2026-05-03 14:31:23.643018,2026-06-02 14:31:23.643018,2026-06-02 14:31:23.643018,Parcialmente Recebido
PED-3FE6DF7F,SKU-000086,FORN-00023,103,32.32,3328.96,Médio,24,26,2,2026-05-03 14:31:23.643018,2026-05-29 14:31:23.643018,2026-05-29 14:31:23.643018,Parcialmente Recebido
PED-D6291CD5,SKU-000088,FORN-00021,1042,181.56,189185.52,Médio,30,34,4,2026-05-03 14:31:23.643018,2026-06-06 14:31:23.643018,2026-06-06 14:31:23.643018,Parcialmente Recebido
PED-EB98AE8A,SKU-000114,FORN-00020,352,85.24,30004.48,Alto,30,30,0,2026-05-03 14:31:23.643018,2026-06-02 14:31:23.643018,2026-06-02 14:31:23.643018,Parcialmente Recebido
PED-8D5F5016,SKU-000119,FORN-00023,84,545.85,45851.4,Médio,22,25,3,2026-05-03 14:31:23.643018,2026-05-28 14:31:23.643018,2026-05-28 14:31:23.643018,Parcialmente Recebido
PED-DC1F54CE,SKU-000146,FORN-00022,530,92.84,49205.2,Médio,29,31,2,2026-05-03 14:31:23.643018,2026-06-03 14:31:23.643018,2026-06-03 14:31:23.643018,Parcialmente Recebido
PED-F2D5AA6B,SKU-000148,FORN-00040,16812,23.53,395586.36,Alto,14,14,0,2026-05-03 14:31:23.643018,2026-05-17 14:31:23.643018,2026-05-17 14:31:23.643018,Parcialmente Recebido
PED-C739C272,SKU-000166,FORN-00031,996,14.86,14800.56,Alto,27,27,0,2026-05-03 14:31:23.643018,2026-05-30 14:31:23.643018,2026-05-30 14:31:23.643018,Parcialmente Recebido
PED-91025533,SKU-000197,FORN-00049,1919,102.48,196659.12,Médio,19,22,3,2026-05-03 14:31:23.643018,2026-05-25 14:31:23.643018,2026-05-25 14:31:23.643018,Parcialmente Recebido
PED-7507A251,SKU-000012,FORN-00018,92,194.58,17901.36,Médio,22,26,4,2026-05-04 14:31:23.643018,2026-05-30 14:31:23.643018,2026-05-30 14:31:23.643018,Parcialmente Recebido
PED-E260A810,SKU-000026,FORN-00018,2499,258.36,645641.64,Médio,18,22,4,2026-05-04 14:31:23.643018,2026-05-26 14:31:23.643018,2026-05-26 14:31:23.643018,Parcialmente Recebido
PED-C5902565,SKU-000057,FORN-00018,2779,2.13,5919.27,Médio,21,25,4,2026-05-04 14:31:23.643018,2026-05-29 14:31:23.643018,2026-05-29 14:31:23.643018,Parcialmente Recebido
PED-8E1315CD,SKU-000068,FORN-00033,10322,37.41,386146.02,Baixo,35,42,7,2026-05-04 14:31:23.643018,2026-06-15 14:31:23.643018,,Em Trânsito
PED-47E640B3,SKU-000076,FORN-00012,392,492.48,193052.16,Alto,29,29,0,2026-05-04 14:31:23.643018,2026-06-02 14:31:23.643018,2026-06-02 14:31:23.643018,Parcialmente Recebido
PED-42F99E9E,SKU-000129,FORN-00039,12412,28.96,359451.52,Baixo,17,23,6,2026-05-04 14:31:23.643018,2026-05-27 14:31:23.643018,2026-05-27 14:31:23.643018,Parcialmente Recebido
PED-D368C60C,SKU-000156,FORN-00005,578,96.09,55540.02,Alto,19,19,0,2026-05-04 14:31:23.643018,2026-05-23 14:31:23.643018,2026-05-23 14:31:23.643018,Parcialmente Recebido
PED-9175D951,SKU-000158,FORN-00025,677,89.6,60659.2,Alto,31,31,0,2026-05-04 14:31:23.643018,2026-06-04 14:31:23.643018,2026-06-04 14:31:23.643018,Parcialmente Recebido
PED-40002CF7,SKU-000013,FORN-00041,1042,225.06,234512.52,Alto,30,30,0,2026-05-05 14:31:23.643018,2026-06-04 14:31:23.643018,2026-06-04 14:31:23.643018,Parcialmente Recebido
PED-88D21FA9,SKU-000050,FORN-00050,3314,480.78,1593304.92,Médio,29,31,2,2026-05-05 14:31:23.643018,2026-06-05 14:31:23.643018,2026-06-05 14:31:23.643018,Parcialmente Recebido
PED-C5FC569A,SKU-000058,FORN-00005,1587,176.74,280486.38,Alto,19,19,0,2026-05-05 14:31:23.643018,2026-05-24 14:31:23.643018,2026-05-24 14:31:23.643018,Parcialmente Recebido
PED-922655CC,SKU-000111,FORN-00038,779,25.39,19778.81,Médio,8,11,3,2026-05-05 14:31:23.643018,2026-05-16 14:31:23.643018,2026-05-16 14:31:23.643018,Parcialmente Recebido
PED-0E80CDDE,SKU-000153,FORN-00048,52,914.31,47544.12,Alto,32,32,0,2026-05-05 14:31:23.643018,2026-06-06 14:31:23.643018,2026-06-06 14:31:23.643018,Parcialmente Recebido
PED-E0EC0DC2,SKU-000176,FORN-00025,1848,145.23,268385.04,Alto,28,28,0,2026-05-05 14:31:23.643018,2026-06-02 14:31:23.643018,2026-06-02 14:31:23.643018,Parcialmente Recebido
PED-15C34696,SKU-000179,FORN-00030,1086,26.03,28268.58,Alto,12,12,0,2026-05-05 14:31:23.643018,2026-05-17 14:31:23.643018,2026-05-17 14:31:23.643018,Parcialmente Recebido
PED-942FDC96,SKU-000023,FORN-00048,103,716.21,73769.63,Alto,32,32,0,2026-05-06 14:31:23.643018,2026-06-07 14:31:23.643018,2026-06-07 14:31:23.643018,Parcialmente Recebido
PED-17BF1BAA,SKU-000039,FORN-00010,49,1338.77,65599.73,Baixo,7,13,6,2026-05-06 14:31:23.643018,2026-05-19 14:31:23.643018,2026-05-19 14:31:23.643018,Parcialmente Recebido
PED-13465655,SKU-000045,FORN-00001,10660,45.49,484923.4,Alto,27,27,0,2026-05-06 14:31:23.643018,2026-06-02 14:31:23.643018,2026-06-02 14:31:23.643018,Parcialmente Recebido
PED-4DBC5C42,SKU-000054,FORN-00047,5304,224.96,1193187.84,Alto,27,27,0,2026-05-06 14:31:23.643018,2026-06-02 14:31:23.643018,2026-06-02 14:31:23.643018,Parcialmente Recebido
PED-A2C41939,SKU-000067,FORN-00032,20829,24.39,508019.31,Médio,20,21,1,2026-05-06 14:31:23.643018,2026-05-27 14:31:23.643018,2026-05-27 14:31:23.643018,Parcialmente Recebido
PED-B11A3A07,SKU-000095,FORN-00018,488,252.16,123054.08,Médio,23,27,4,2026-05-06 14:31:23.643018,2026-06-02 14:31:23.643018,2026-06-02 14:31:23.643018,Parcialmente Recebido
PED-059039B0,SKU-000096,FORN-00008,298,135.04,40241.92,Alto,26,26,0,2026-05-06 14:31:23.643018,2026-06-01 14:31:23.643018,2026-06-01 14:31:23.643018,Parcialmente Recebido
PED-3C405C8C,SKU-000113,FORN-00008,1823,106.33,193839.59,Alto,26,26,0,2026-05-06 14:31:23.643018,2026-06-01 14:31:23.643018,2026-06-01 14:31:23.643018,Parcialmente Recebido
PED-62CE17F2,SKU-000121,FORN-00008,247,153.24,37850.28,Alto,28,28,0,2026-05-06 14:31:23.643018,2026-06-03 14:31:23.643018,2026-06-03 14:31:23.643018,Parcialmente Recebido
PED-BCB38201,SKU-000135,FORN-00043,208,340.9,70907.2,Alto,10,10,0,2026-05-06 14:31:23.643018,2026-05-16 14:31:23.643018,2026-05-16 14:31:23.643018,Parcialmente Recebido
PED-426A8376,SKU-000159,FORN-00047,1810,58.3,105523.0,Alto,28,28,0,2026-05-06 14:31:23.643018,2026-06-03 14:31:23.643018,2026-06-03 14:31:23.643018,Parcialmente Recebido
PED-44A3405F,SKU-000006,FORN-00050,275,728.67,200384.25,Médio,30,31,1,2026-05-07 14:31:23.643018,2026-06-07 14:31:23.643018,2026-06-07 14:31:23.643018,Parcialmente Recebido
PED-B0C6DAF9,SKU-000016,FORN-00001,59,1581.89,93331.51,Alto,29,29,0,2026-05-07 14:31:23.643018,2026-06-05 14:31:23.643018,2026-06-05 14:31:23.643018,Parcialmente Recebido
PED-199CEE5C,SKU-000090,FORN-00028,1581,24.16,38196.96,Baixo,24,34,10,2026-05-07 14:31:23.643018,2026-06-10 14:31:23.643018,,Em Trânsito
PED-3959862A,SKU-000097,FORN-00041,2403,116.18,279180.54,Alto,30,30,0,2026-05-07 14:31:23.643018,2026-06-06 14:31:23.643018,2026-06-06 14:31:23.643018,Parcialmente Recebido
PED-3D963A21,SKU-000131,FORN-00005,269,558.52,150241.88,Alto,20,20,0,2026-05-07 14:31:23.643018,2026-05-27 14:31:23.643018,2026-05-27 14:31:23.643018,Parcialmente Recebido
PED-B99915D7,SKU-000145,FORN-00013,1518,107.75,163564.5,Alto,18,18,0,2026-05-07 14:31:23.643018,2026-05-25 14:31:23.643018,2026-05-25 14:31:23.643018,Parcialmente Recebido
PED-A5CA748A,SKU-000152,FORN-00038,3545,450.38,1596597.1,Médio,10,14,4,2026-05-07 14:31:23.643018,2026-05-21 14:31:23.643018,2026-05-21 14:31:23.643018,Parcialmente Recebido
PED-D8F5BD0B,SKU-000161,FORN-00020,9134,7.51,68596.34,Alto,26,26,0,2026-05-07 14:31:23.643018,2026-06-02 14:31:23.643018,2026-06-02 14:31:23.643018,Parcialmente Recebido
PED-280916CE,SKU-000003,FORN-00014,576,86.54,49847.04,Alto,18,18,0,2026-05-08 14:31:23.643018,2026-05-26 14:31:23.643018,2026-05-26 14:31:23.643018,Parcialmente Recebido
PED-A4DA9220,SKU-000056,FORN-00035,1923,203.1,390561.3,Alto,30,30,0,2026-05-08 14:31:23.643018,2026-06-07 14:31:23.643018,2026-06-07 14:31:23.643018,Parcialmente Recebido
PED-B589D76A,SKU-000078,FORN-00013,19701,5.67,111704.67,Alto,22,22,0,2026-05-08 14:31:23.643018,2026-05-30 14:31:23.643018,2026-05-30 14:31:23.643018,Parcialmente Recebido
PED-E5E0B0DA,SKU-000147,FORN-00030,52,869.93,45236.36,Alto,11,11,0,2026-05-08 14:31:23.643018,2026-05-19 14:31:23.643018,2026-05-19 14:31:23.643018,Parcialmente Recebido
PED-DADD1AEF,SKU-000184,FORN-00005,590,155.77,91904.3,Alto,20,20,0,2026-05-08 14:31:23.643018,2026-05-28 14:31:23.643018,2026-05-28 14:31:23.643018,Parcialmente Recebido
PED-217A4C69,SKU-000189,FORN-00019,19542,25.0,488550.0,Alto,17,17,0,2026-05-08 14:31:23.643018,2026-05-25 14:31:23.643018,2026-05-25 14:31:23.643018,Parcialmente Recebido
PED-3898F446,SKU-000041,FORN-00023,7555,22.42,169383.1,Médio,20,24,4,2026-05-09 14:31:23.643018,2026-06-02 14:31:23.643018,2026-06-02 14:31:23.643018,Parcialmente Recebido
PED-F4F080A7,SKU-000049,FORN-00048,1102,177.83,195968.66,Alto,29,29,0,2026-05-09 14:31:23.643018,2026-06-07 14:31:23.643018,2026-06-07 14:31:23.643018,Parcialmente Recebido
PED-C417E5CF,SKU-000059,FORN-00026,5197,228.14,1185643.58,Alto,22,22,0,2026-05-09 14:31:23.643018,2026-05-31 14:31:23.643018,2026-05-31 14:31:23.643018,Parcialmente Recebido
PED-EA8C918C,SKU-000102,FORN-00027,286,143.16,40943.76,Alto,10,10,0,2026-05-09 14:31:23.643018,2026-05-19 14:31:23.643018,2026-05-19 14:31:23.643018,Parcialmente Recebido
PED-EAF5ABA8,SKU-000124,FORN-00032,1240,169.72,210452.8,Médio,24,26,2,2026-05-09 14:31:23.643018,2026-06-04 14:31:23.643018,2026-06-04 14:31:23.643018,Parcialmente Recebido
PED-702B4763,SKU-000007,FORN-00021,16862,23.34,393559.08,Médio,31,32,1,2026-05-10 14:31:23.643018,2026-06-11 14:31:23.643018,,Em Trânsito
PED-E0DA4411,SKU-000091,FORN-00010,2638,100.69,265620.22,Baixo,11,15,4,2026-05-10 14:31:23.643018,2026-05-25 14:31:23.643018,2026-05-25 14:31:23.643018,Parcialmente Recebido
PED-E3DB4E0B,SKU-000098,FORN-00048,2040,260.02,530440.8,Alto,29,29,0,2026-05-10 14:31:23.643018,2026-06-08 14:31:23.643018,,Em Trânsito
PED-42D5D991,SKU-000117,FORN-00045,81,110.46,8947.26,Alto,21,21,0,2026-05-10 14:31:23.643018,2026-05-31 14:31:23.643018,2026-05-31 14:31:23.643018,Parcialmente Recebido
PED-6ED6FF72,SKU-000195,FORN-00031,2357,131.37,309639.09,Alto,28,28,0,2026-05-10 14:31:23.643018,2026-06-07 14:31:23.643018,2026-06-07 14:31:23.643018,Parcialmente Recebido
PED-194D8408,SKU-000015,FORN-00020,1254,109.37,137149.98,Alto,27,27,0,2026-05-11 14:31:23.643018,2026-06-07 14:31:23.643018,2026-06-07 14:31:23.643018,Parcialmente Recebido
PED-88A121BE,SKU-000142,FORN-00020,280,194.08,54342.4,Alto,30,30,0,2026-05-11 14:31:23.643018,2026-06-10 14:31:23.643018,,Em Trânsito
PED-54903FC8,SKU-000199,FORN-00023,1989,137.86,274203.54,Médio,21,24,3,2026-05-11 14:31:23.643018,2026-06-04 14:31:23.643018,2026-06-04 14:31:23.643018,Parcialmente Recebido
PED-5E0A77EB,SKU-000001,FORN-00026,1073,433.38,465016.74,Alto,22,22,0,2026-05-12 14:31:23.643018,2026-06-03 14:31:23.643018,2026-06-03 14:31:23.643018,Parcialmente Recebido
PED-A58DBF71,SKU-000064,FORN-00018,2833,288.18,816413.94,Médio,19,20,1,2026-05-12 14:31:23.643018,2026-06-01 14:31:23.643018,2026-06-01 14:31:23.643018,Parcialmente Recebido
PED-DA692A4B,SKU-000163,FORN-00025,729,148.88,108533.52,Alto,31,31,0,2026-05-12 14:31:23.643018,2026-06-12 14:31:23.643018,,Em Trânsito
PED-A63BAB76,SKU-000168,FORN-00046,3680,214.89,790795.2,Alto,24,24,0,2026-05-12 14:31:23.643018,2026-06-05 14:31:23.643018,2026-06-05 14:31:23.643018,Parcialmente Recebido
PED-5EBBDC1F,SKU-000188,FORN-00027,72,623.32,44879.04,Alto,9,9,0,2026-05-12 14:31:23.643018,2026-05-21 14:31:23.643018,2026-05-21 14:31:23.643018,Parcialmente Recebido
PED-2C3EFE0F,SKU-000053,FORN-00008,1854,176.87,327916.98,Alto,28,28,0,2026-05-13 14:31:23.643018,2026-06-10 14:31:23.643018,,Em Trânsito
PED-97D52381,SKU-000118,FORN-00012,1617,85.58,138382.86,Alto,29,29,0,2026-05-13 14:31:23.643018,2026-06-11 14:31:23.643018,,Em Trânsito
PED-284A7D8C,SKU-000169,FORN-00012,50,2750.47,137523.5,Alto,26,26,0,2026-05-13 14:31:23.643018,2026-06-08 14:31:23.643018,,Em Trânsito
PED-E00BF164,SKU-000170,FORN-00025,1182,119.27,140977.14,Alto,28,28,0,2026-05-13 14:31:23.643018,2026-06-10 14:31:23.643018,,Em Trânsito
PED-0654BCF5,SKU-000194,FORN-00017,1880,24.49,46041.2,Alto,22,22,0,2026-05-13 14:31:23.643018,2026-06-04 14:31:23.643018,2026-06-04 14:31:23.643018,Parcialmente Recebido
PED-C3422DE8,SKU-000093,FORN-00035,388,434.39,168543.32,Alto,34,34,0,2026-05-14 14:31:23.643018,2026-06-17 14:31:23.643018,,Em Trânsito
PED-6D9E7624,SKU-000130,FORN-00021,953,280.4,267221.2,Médio,29,33,4,2026-05-14 14:31:23.643018,2026-06-16 14:31:23.643018,,Em Trânsito
PED-A2592241,SKU-000027,FORN-00039,3319,479.81,1592489.39,Baixo,15,22,7,2026-05-15 14:31:23.643018,2026-06-06 14:31:23.643018,2026-06-06 14:31:23.643018,Parcialmente Recebido
PED-11AE85B2,SKU-000030,FORN-00023,42,2995.01,125790.42,Médio,21,25,4,2026-05-15 14:31:23.643018,2026-06-09 14:31:23.643018,,Em Trânsito
PED-EC319798,SKU-000044,FORN-00045,717,85.75,61482.75,Alto,22,22,0,2026-05-15 14:31:23.643018,2026-06-06 14:31:23.643018,2026-06-06 14:31:23.643018,Parcialmente Recebido
PED-4BAA8E64,SKU-000069,FORN-00034,1346,113.71,153053.66,Baixo,10,13,3,2026-05-15 14:31:23.643018,2026-05-28 14:31:23.643018,2026-05-28 14:31:23.643018,Parcialmente Recebido
PED-025E558F,SKU-000185,FORN-00028,94,101.2,9512.8,Baixo,25,35,10,2026-05-15 14:31:23.643018,2026-06-19 14:31:23.643018,,Em Trânsito
PED-DE803CB7,SKU-000028,FORN-00005,1312,247.66,324929.92,Alto,20,20,0,2026-05-16 14:31:23.643018,2026-06-05 14:31:23.643018,2026-06-05 14:31:23.643018,Parcialmente Recebido
PED-F3132AB2,SKU-000100,FORN-00039,3610,19.54,70539.4,Baixo,16,26,10,2026-05-16 14:31:23.643018,2026-06-11 14:31:23.643018,,Em Trânsito
PED-E20FDE1F,SKU-000107,FORN-00049,182,798.17,145266.94,Médio,21,25,4,2026-05-16 14:31:23.643018,2026-06-10 14:31:23.643018,,Em Trânsito
PED-D326EC65,SKU-000122,FORN-00017,9323,48.99,456733.77,Alto,23,23,0,2026-05-16 14:31:23.643018,2026-06-08 14:31:23.643018,,Em Trânsito
PED-024AB31A,SKU-000137,FORN-00045,23833,43.42,1034828.86,Alto,22,22,0,2026-05-16 14:31:23.643018,2026-06-07 14:31:23.643018,2026-06-07 14:31:23.643018,Parcialmente Recebido
PED-56BB1234,SKU-000180,FORN-00021,4431,372.69,1651389.39,Médio,29,31,2,2026-05-16 14:31:23.643018,2026-06-16 14:31:23.643018,,Em Trânsito
PED-F1012D71,SKU-000011,FORN-00010,2100,118.06,247926.0,Baixo,8,17,9,2026-05-17 14:31:23.643018,2026-06-03 14:31:23.643018,2026-06-03 14:31:23.643018,Parcialmente Recebido
PED-1D33E56B,SKU-000051,FORN-00009,1342,56.57,75916.94,Médio,22,23,1,2026-05-17 14:31:23.643018,2026-06-09 14:31:23.643018,,Em Trânsito
PED-E1EDF85E,SKU-000068,FORN-00033,12961,37.41,484871.01,Baixo,35,40,5,2026-05-17 14:31:23.643018,2026-06-26 14:31:23.643018,,Em Trânsito
PED-A5B36687,SKU-000071,FORN-00033,948,78.87,74768.76,Baixo,30,33,3,2026-05-18 14:31:23.643018,2026-06-20 14:31:23.643018,,Em Trânsito
PED-80560458,SKU-000084,FORN-00023,15451,25.16,388747.16,Médio,25,27,2,2026-05-18 14:31:23.643018,2026-06-14 14:31:23.643018,,Em Trânsito
PED-BB32097A,SKU-000099,FORN-00034,613,541.27,331798.51,Baixo,14,22,8,2026-05-18 14:31:23.643018,2026-06-09 14:31:23.643018,,Em Trânsito
PED-87D912DB,SKU-000108,FORN-00011,3582,257.91,923833.62,Médio,21,24,3,2026-05-18 14:31:23.643018,2026-06-11 14:31:23.643018,,Em Trânsito
PED-9B49C1C5,SKU-000008,FORN-00022,25297,17.68,447250.96,Médio,27,31,4,2026-05-19 14:31:23.643018,2026-06-19 14:31:23.643018,,Em Trânsito
PED-2AEA7BC5,SKU-000063,FORN-00018,1129,138.86,156772.94,Médio,19,20,1,2026-05-19 14:31:23.643018,2026-06-08 14:31:23.643018,,Em Trânsito
PED-1EA534D3,SKU-000103,FORN-00029,110,1060.63,116669.3,Alto,27,27,0,2026-05-19 14:31:23.643018,2026-06-15 14:31:23.643018,,Em Trânsito
PED-AD5D3BE3,SKU-000104,FORN-00033,2223,137.86,306462.78,Baixo,32,38,6,2026-05-19 14:31:23.643018,2026-06-26 14:31:23.643018,,Em Trânsito
PED-7C756669,SKU-000105,FORN-00007,2952,321.97,950455.44,Médio,32,33,1,2026-05-19 14:31:23.643018,2026-06-21 14:31:23.643018,,Em Trânsito
PED-DC7C8B68,SKU-000144,FORN-00049,1902,39.18,74520.36,Médio,22,23,1,2026-05-19 14:31:23.643018,2026-06-11 14:31:23.643018,,Em Trânsito
PED-5D01DEC4,SKU-000147,FORN-00030,53,869.93,46106.29,Alto,11,11,0,2026-05-19 14:31:23.643018,2026-05-30 14:31:23.643018,2026-05-30 14:31:23.643018,Parcialmente Recebido
PED-8AB07928,SKU-000077,FORN-00048,2945,288.29,849014.05,Alto,30,30,0,2026-05-20 14:31:23.643018,2026-06-19 14:31:23.643018,,Em Trânsito
PED-80821961,SKU-000155,FORN-00026,25063,21.6,541360.8,Alto,18,18,0,2026-05-20 14:31:23.643018,2026-06-07 14:31:23.643018,2026-06-07 14:31:23.643018,Parcialmente Recebido
PED-CB72224D,SKU-000198,FORN-00044,57,1353.23,77134.11,Alto,10,10,0,2026-05-20 14:31:23.643018,2026-05-30 14:31:23.643018,2026-05-30 14:31:23.643018,Parcialmente Recebido
PED-DFBD022A,SKU-000021,FORN-00048,59,2135.66,126003.94,Alto,27,27,0,2026-05-21 14:31:23.643018,2026-06-17 14:31:23.643018,,Em Trânsito
PED-441E7E15,SKU-000035,FORN-00025,19386,26.24,508688.64,Alto,31,31,0,2026-05-21 14:31:23.643018,2026-06-21 14:31:23.643018,,Em Trânsito
PED-B70D0028,SKU-000055,FORN-00023,2258,165.93,374669.94,Médio,25,28,3,2026-05-21 14:31:23.643018,2026-06-18 14:31:23.643018,,Em Trânsito
PED-92CFB151,SKU-000183,FORN-00033,1120,88.37,98974.4,Baixo,34,43,9,2026-05-21 14:31:23.643018,2026-07-03 14:31:23.643018,,Em Trânsito
PED-9D2D3A12,SKU-000043,FORN-00020,3210,457.57,1468799.7,Alto,28,28,0,2026-05-22 14:31:23.643018,2026-06-19 14:31:23.643018,,Em Trânsito
PED-C7FC8774,SKU-000070,FORN-00018,2481,44.92,111446.52,Médio,18,22,4,2026-05-22 14:31:23.643018,2026-06-13 14:31:23.643018,,Em Trânsito
PED-0299141B,SKU-000151,FORN-00025,1451,431.68,626367.68,Alto,29,29,0,2026-05-22 14:31:23.643018,2026-06-20 14:31:23.643018,,Em Trânsito
PED-14C83C1E,SKU-000074,FORN-00037,23290,24.46,569673.4,Baixo,25,30,5,2026-05-23 14:31:23.643018,2026-06-22 14:31:23.643018,,Em Trânsito
PED-7B3C2FA8,SKU-000082,FORN-00004,9367,13.0,121771.0,Médio,26,28,2,2026-05-23 14:31:23.643018,2026-06-20 14:31:23.643018,,Em Trânsito
PED-2F46215F,SKU-000109,FORN-00025,681,102.6,69870.6,Alto,31,31,0,2026-05-23 14:31:23.643018,2026-06-23 14:31:23.643018,,Em Trânsito
PED-5EEFF226,SKU-000156,FORN-00005,394,96.09,37859.46,Alto,19,19,0,2026-05-23 14:31:23.643018,2026-06-11 14:31:23.643018,,Em Trânsito
PED-03B0D22A,SKU-000062,FORN-00050,1608,113.61,182684.88,Médio,30,31,1,2026-05-24 14:31:23.643018,2026-06-24 14:31:23.643018,,Em Trânsito
PED-16936058,SKU-000081,FORN-00008,6702,7.74,51873.48,Alto,27,27,0,2026-05-24 14:31:23.643018,2026-06-20 14:31:23.643018,,Em Trânsito
PED-146C3B5B,SKU-000128,FORN-00021,3215,160.25,515203.75,Médio,32,34,2,2026-05-24 14:31:23.643018,2026-06-27 14:31:23.643018,,Em Trânsito
PED-C424B1BD,SKU-000149,FORN-00017,2306,48.87,112694.22,Alto,24,24,0,2026-05-24 14:31:23.643018,2026-06-17 14:31:23.643018,,Em Trânsito
PED-3133888F,SKU-000173,FORN-00046,993,58.69,58279.17,Alto,23,23,0,2026-05-25 14:31:23.643018,2026-06-17 14:31:23.643018,,Em Trânsito
PED-1BF90967,SKU-000182,FORN-00009,366,346.93,126976.38,Médio,25,28,3,2026-05-25 14:31:23.643018,2026-06-22 14:31:23.643018,,Em Trânsito
PED-02AB85D1,SKU-000196,FORN-00031,1714,282.84,484787.76,Alto,25,25,0,2026-05-25 14:31:23.643018,2026-06-19 14:31:23.643018,,Em Trânsito
PED-5B81551F,SKU-000197,FORN-00049,1579,102.48,161815.92,Médio,19,20,1,2026-05-25 14:31:23.643018,2026-06-14 14:31:23.643018,,Em Trânsito
PED-2C553B48,SKU-000002,FORN-00022,1659,47.45,78719.55,Médio,26,28,2,2026-05-26 14:31:23.643018,2026-06-23 14:31:23.643018,,Em Trânsito
PED-B8656FE5,SKU-000072,FORN-00031,18729,5.67,106193.43,Alto,27,27,0,2026-05-26 14:31:23.643018,2026-06-22 14:31:23.643018,,Em Trânsito
PED-1631BE26,SKU-000005,FORN-00041,21826,7.32,159766.32,Alto,31,31,0,2026-05-27 14:31:23.643018,2026-06-27 14:31:23.643018,,Em Trânsito
PED-4E2E1293,SKU-000131,FORN-00005,337,558.52,188221.24,Alto,20,20,0,2026-05-27 14:31:23.643018,2026-06-16 14:31:23.643018,,Em Trânsito
PED-9828C4EB,SKU-000024,FORN-00035,69,344.24,23752.56,Alto,31,31,0,2026-05-28 14:31:23.643018,2026-06-28 14:31:23.643018,,Em Trânsito
PED-845B867E,SKU-000031,FORN-00035,79,1056.09,83431.11,Alto,30,30,0,2026-05-28 14:31:23.643018,2026-06-27 14:31:23.643018,,Em Trânsito
PED-9942F437,SKU-000048,FORN-00004,914,206.18,188448.52,Médio,26,30,4,2026-05-28 14:31:23.643018,2026-06-27 14:31:23.643018,,Em Trânsito
PED-FB6D63F9,SKU-000186,FORN-00037,2566,149.15,382718.9,Baixo,26,32,6,2026-05-28 14:31:23.643018,2026-06-29 14:31:23.643018,,Em Trânsito
PED-EEAE51B4,SKU-000029,FORN-00041,483,30.91,14929.53,Alto,28,28,0,2026-05-29 14:31:23.643018,2026-06-26 14:31:23.643018,,Em Trânsito
PED-EC28CD83,SKU-000086,FORN-00023,110,32.32,3555.2,Médio,24,26,2,2026-05-29 14:31:23.643018,2026-06-24 14:31:23.643018,,Em Trânsito
PED-CC98E9C5,SKU-000191,FORN-00008,816,149.38,121894.08,Alto,29,29,0,2026-05-29 14:31:23.643018,2026-06-27 14:31:23.643018,,Em Trânsito
PED-9F760D8B,SKU-000022,FORN-00007,1409,93.1,131177.9,Médio,30,31,1,2026-05-30 14:31:23.643018,2026-06-30 14:31:23.643018,,Em Trânsito
PED-D4581D17,SKU-000110,FORN-00028,5018,7.0,35126.0,Baixo,24,29,5,2026-05-30 14:31:23.643018,2026-06-28 14:31:23.643018,,Em Trânsito
PED-88687499,SKU-000166,FORN-00031,961,14.86,14280.46,Alto,27,27,0,2026-05-30 14:31:23.643018,2026-06-26 14:31:23.643018,,Em Trânsito
PED-AA9DFC95,SKU-000171,FORN-00007,20161,43.5,877003.5,Médio,35,39,4,2026-05-30 14:31:23.643018,2026-07-08 14:31:23.643018,,Em Trânsito
PED-5EED846E,SKU-000181,FORN-00035,3096,321.55,995518.8,Alto,34,34,0,2026-05-30 14:31:23.643018,2026-07-03 14:31:23.643018,,Em Trânsito
PED-3F062DF7,SKU-000117,FORN-00045,88,110.46,9720.48,Alto,21,21,0,2026-05-31 14:31:23.643018,2026-06-21 14:31:23.643018,,Em Trânsito
PED-C5657277,SKU-000167,FORN-00008,839,210.18,176341.02,Alto,29,29,0,2026-05-31 14:31:23.643018,2026-06-29 14:31:23.643018,,Em Trânsito
PED-51E66046,SKU-000190,FORN-00002,70,277.17,19401.9,Médio,16,20,4,2026-05-31 14:31:23.643018,2026-06-20 14:31:23.643018,,Em Trânsito
PED-77A3DD5E,SKU-000096,FORN-00008,410,135.04,55366.4,Alto,26,26,0,2026-06-01 14:31:23.643018,2026-06-27 14:31:23.643018,,Em Trânsito
PED-A2269007,SKU-000126,FORN-00004,1211,255.92,309919.12,Médio,29,30,1,2026-06-01 14:31:23.643018,2026-07-01 14:31:23.643018,,Em Trânsito
PED-6E896543,SKU-000045,FORN-00001,10442,45.49,475006.58,Alto,27,27,0,2026-06-02 14:31:23.643018,2026-06-29 14:31:23.643018,,Em Trânsito
PED-319C5CBC,SKU-000076,FORN-00012,291,492.48,143311.68,Alto,29,29,0,2026-06-02 14:31:23.643018,2026-07-01 14:31:23.643018,,Em Trânsito
PED-00EF2038,SKU-000095,FORN-00018,458,252.16,115489.28,Médio,23,26,3,2026-06-02 14:31:23.643018,2026-06-28 14:31:23.643018,,Em Trânsito
PED-69F15D4E,SKU-000114,FORN-00020,312,85.24,26594.88,Alto,30,30,0,2026-06-02 14:31:23.643018,2026-07-02 14:31:23.643018,,Em Trânsito
PED-0CD19FCC,SKU-000138,FORN-00022,1005,190.89,191844.45,Médio,29,30,1,2026-06-02 14:31:23.643018,2026-07-02 14:31:23.643018,,Em Trânsito
PED-B94EE337,SKU-000161,FORN-00020,8486,7.51,63729.86,Alto,26,26,0,2026-06-02 14:31:23.643018,2026-06-28 14:31:23.643018,,Em Trânsito
PED-E9E30954,SKU-000176,FORN-00025,1488,145.23,216102.24,Alto,28,28,0,2026-06-02 14:31:23.643018,2026-06-30 14:31:23.643018,,Em Trânsito
PED-84340703,SKU-000011,FORN-00010,2064,118.06,243675.84,Baixo,8,18,10,2026-06-03 14:31:23.643018,2026-06-21 14:31:23.643018,,Em Trânsito
PED-4994F0A7,SKU-000080,FORN-00004,758,169.84,128738.72,Médio,29,33,4,2026-06-03 14:31:23.643018,2026-07-06 14:31:23.643018,,Em Trânsito
PED-395F41F6,SKU-000146,FORN-00022,837,92.84,77707.08,Médio,29,30,1,2026-06-03 14:31:23.643018,2026-07-03 14:31:23.643018,,Em Trânsito
PED-35AF4A23,SKU-000159,FORN-00047,1495,58.3,87158.5,Alto,28,28,0,2026-06-03 14:31:23.643018,2026-07-01 14:31:23.643018,,Em Trânsito
PED-7BE5D2C2,SKU-000013,FORN-00041,1106,225.06,248916.36,Alto,30,30,0,2026-06-04 14:31:23.643018,2026-07-04 14:31:23.643018,,Em Trânsito
PED-923A4764,SKU-000124,FORN-00032,817,169.72,138661.24,Médio,24,26,2,2026-06-04 14:31:23.643018,2026-06-30 14:31:23.643018,,Em Trânsito
PED-921B6DB2,SKU-000158,FORN-00025,830,89.6,74368.0,Alto,31,31,0,2026-06-04 14:31:23.643018,2026-07-05 14:31:23.643018,,Em Trânsito
PED-DDEB615B,SKU-000016,FORN-00001,69,1581.89,109150.41,Alto,29,29,0,2026-06-05 14:31:23.643018,2026-07-04 14:31:23.643018,,Em Trânsito
PED-83126FCD,SKU-000050,FORN-00050,2552,480.78,1226950.56,Médio,29,30,1,2026-06-05 14:31:23.643018,2026-07-05 14:31:23.643018,,Em Trânsito
PED-214E0747,SKU-000033,FORN-00040,552,189.25,104466.0,Alto,12,12,0,2026-06-06 14:31:23.643018,2026-06-18 14:31:23.643018,,Em Trânsito
PED-2E62DC1D,SKU-000088,FORN-00021,799,181.56,145066.44,Médio,30,31,1,2026-06-06 14:31:23.643018,2026-07-07 14:31:23.643018,,Em Trânsito
PED-9A2ABD7C,SKU-000097,FORN-00041,2198,116.18,255363.64,Alto,30,30,0,2026-06-06 14:31:23.643018,2026-07-06 14:31:23.643018,,Em Trânsito
PED-64723635,SKU-000153,FORN-00048,46,914.31,42058.26,Alto,32,32,0,2026-06-06 14:31:23.643018,2026-07-08 14:31:23.643018,,Em Trânsito
PED-C59AA4AF,SKU-000006,FORN-00050,464,728.67,338102.88,Médio,30,34,4,2026-06-07 14:31:23.643018,2026-07-11 14:31:23.643018,,Em Trânsito
PED-52C0EFA9,SKU-000023,FORN-00048,130,716.21,93107.3,Alto,32,32,0,2026-06-07 14:31:23.643018,2026-07-09 14:31:23.643018,,Em Trânsito
PED-C7A8F52A,SKU-000049,FORN-00048,843,177.83,149910.69,Alto,29,29,0,2026-06-07 14:31:23.643018,2026-07-06 14:31:23.643018,,Em Trânsito
PED-F9F34AC0,SKU-000056,FORN-00035,1413,203.1,286980.3,Alto,30,30,0,2026-06-07 14:31:23.643018,2026-07-07 14:31:23.643018,,Em Trânsito
PED-D6787A17,SKU-000195,FORN-00031,2018,131.37,265104.66,Alto,28,28,0,2026-06-07 14:31:23.643018,2026-07-05 14:31:23.643018,,Em Trânsito
