sku,descricao,categoria,unidade,peso_kg,volume_m3,fornecedor_id,custo_unitario,consumo_medio_dia,lead_time,estoque_minimo,ponto_reposicao,estoque_maximo,criticidade,controla_validade,endereco_wms,vigencia_inicio,vigencia_fim,registro_ativo,versao,curva_abc
SKU-000001,Pintura Mollitia,Pintura,GL,27.98,0.631,FORN-00026,433.38,19.22,22,422,480,1267,Alta,True,E-03-08-038,2026-06-07,9999-12-31 00:00:00,True,1,A
SKU-000002,EPI Quis,EPI,CX,32.11,0.206,FORN-00022,47.45,21.71,26,564,629,1801,Baixa,True,V-22-05-040,2026-06-07,9999-12-31 00:00:00,True,1,C
SKU-000003,Construção Aperiam,Construção,KG,46.96,1.485,FORN-00014,86.54,11.44,18,205,240,754,Baixa,True,Q-08-04-116,2026-06-07,9999-12-31 00:00:00,True,1,C
SKU-000004,EPI Temporibus,EPI,PR,14.54,1.824,FORN-00016,100.37,12.0,17,204,240,648,Alta,True,E-06-07-103,2026-06-07,9999-12-31 00:00:00,True,1,C
SKU-000005,Fixação Facilis,Fixação,MIL,8.97,1.001,FORN-00041,7.32,303.88,31,9420,10331,27652,Baixa,False,D-08-08-029,2026-06-07,9999-12-31 00:00:00,True,1,B
SKU-000006,Pintura Impedit,Pintura,LT,5.36,1.535,FORN-00050,728.67,9.59,30,287,316,584,Baixa,True,K-19-06-058,2026-06-07,9999-12-31 00:00:00,True,1,A
SKU-000007,Fixação Cupiditate,Fixação,MIL,10.54,0.4,FORN-00021,23.34,322.3,31,9991,10958,20949,Média,False,M-06-02-065,2026-06-07,9999-12-31 00:00:00,True,1,A
SKU-000008,Fixação Nesciunt,Fixação,MIL,26.53,0.703,FORN-00022,17.68,358.03,27,9666,10740,26851,Média,False,H-10-08-036,2026-06-07,9999-12-31 00:00:00,True,1,A
SKU-000009,Ferramentas Tempora,Ferramentas,CJ,11.34,0.343,FORN-00036,1191.49,0.48,16,7,9,31,Baixa,False,O-05-01-159,2026-06-07,9999-12-31 00:00:00,True,1,C
SKU-000010,Ferramentas Explicabo,Ferramentas,CJ,40.76,0.307,FORN-00017,191.49,0.74,19,14,16,39,Média,False,S-15-01-154,2026-06-07,9999-12-31 00:00:00,True,1,C
SKU-000011,Elétrica Delectus,Elétrica,RL,1.66,0.133,FORN-00010,118.06,33.54,8,268,368,2280,Baixa,False,F-14-07-115,2026-06-07,9999-12-31 00:00:00,True,1,B
SKU-000012,Hidráulica Nobis,Hidráulica,UN,7.02,1.696,FORN-00018,194.58,2.41,22,53,60,130,Média,False,O-01-01-157,2026-06-07,9999-12-31 00:00:00,True,1,C
SKU-000013,Hidráulica Voluptates,Hidráulica,CX,44.91,1.16,FORN-00041,225.06,38.59,30,1157,1273,2314,Baixa,False,D-06-06-143,2026-06-07,9999-12-31 00:00:00,True,1,A
SKU-000014,EPI Architecto,EPI,CX,11.94,1.584,FORN-00002,67.48,16.72,16,267,317,1270,Média,True,I-15-02-056,2026-06-07,9999-12-31 00:00:00,True,1,C
SKU-000015,EPI Voluptatum,EPI,PR,6.45,0.862,FORN-00020,109.37,17.86,27,482,535,1357,Média,True,R-16-01-162,2026-06-07,9999-12-31 00:00:00,True,1,B
SKU-000016,Ferramentas Architecto,Ferramentas,UN,13.0,1.035,FORN-00001,1581.89,1.2,29,34,38,97,Baixa,False,R-14-01-151,2026-06-07,9999-12-31 00:00:00,True,1,B
SKU-000017,Elétrica Sunt,Elétrica,UN,44.77,0.147,FORN-00034,6.76,67.02,11,737,938,3015,Média,False,Z-02-05-100,2026-06-07,9999-12-31 00:00:00,True,1,C
SKU-000018,Ferramentas Nobis,Ferramentas,UN,46.56,0.03,FORN-00016,608.42,0.74,20,14,17,58,Baixa,False,V-19-07-035,2026-06-07,9999-12-31 00:00:00,True,1,C
SKU-000019,Fixação Vero,Fixação,CX,29.82,0.399,FORN-00038,48.88,72.33,9,650,867,4338,Média,False,P-28-05-175,2026-06-07,9999-12-31 00:00:00,True,1,B
SKU-000020,Pintura Vitae,Pintura,LT,0.6,0.122,FORN-00044,517.7,13.71,10,137,178,795,Média,True,H-15-05-087,2026-06-07,9999-12-31 00:00:00,True,1,A
SKU-000021,Ferramentas Molestiae,Ferramentas,CJ,15.83,1.781,FORN-00048,2135.66,1.23,27,33,36,82,Média,False,O-12-01-051,2026-06-07,9999-12-31 00:00:00,True,1,B
SKU-000022,Construção Nemo,Construção,KG,13.53,1.953,FORN-00007,91.32,17.77,30,533,586,1581,Alta,True,K-15-01-133,2026-06-07,2026-06-07 00:00:00,False,1,B
SKU-000022,Construção Nemo,Construção,KG,13.53,1.953,FORN-00007,93.1,17.77,30,533,586,1581,Alta,True,K-15-01-133,2026-06-07,9999-12-31 00:00:00,True,2,B
SKU-000023,Pintura Nesciunt,Pintura,GL,30.72,0.958,FORN-00048,716.21,2.07,32,66,72,175,Média,True,V-22-05-081,2026-06-07,9999-12-31 00:00:00,True,1,B
SKU-000024,Ferramentas Dicta,Ferramentas,CJ,36.83,1.674,FORN-00035,344.24,1.43,31,44,48,98,Baixa,False,Z-24-06-039,2026-06-07,9999-12-31 00:00:00,True,1,C
SKU-000025,Pintura Asperiores,Pintura,GL,16.8,0.878,FORN-00034,577.32,3.43,15,51,61,181,Baixa,True,I-05-03-065,2026-06-07,9999-12-31 00:00:00,True,1,B
SKU-000026,Construção Hic,Construção,SC,25.06,1.556,FORN-00018,258.36,39.41,18,709,827,2600,Média,True,X-06-02-024,2026-06-07,9999-12-31 00:00:00,True,1,A
SKU-000027,Elétrica Ipsum,Elétrica,M,24.99,0.928,FORN-00039,490.92,79.97,15,1199,1439,3758,Média,False,D-18-06-061,2026-06-07,2026-06-07 00:00:00,False,1,A
SKU-000027,Elétrica Ipsum,Elétrica,M,24.99,0.928,FORN-00039,479.81,79.97,15,1199,1439,3758,Média,False,D-18-06-061,2026-06-07,9999-12-31 00:00:00,True,2,A
SKU-000028,Construção Ipsa,Construção,M3,22.81,0.537,FORN-00005,247.66,19.32,20,386,444,1448,Baixa,True,Y-23-02-160,2026-06-07,9999-12-31 00:00:00,True,1,A
SKU-000029,EPI Aliquid,EPI,UN,18.58,1.248,FORN-00041,29.46,12.49,28,349,387,761,Média,True,K-04-07-181,2026-06-07,2026-06-07 00:00:00,False,1,C
SKU-000029,EPI Aliquid,EPI,UN,18.58,1.248,FORN-00041,30.91,12.49,28,349,387,761,Média,True,K-04-07-181,2026-06-07,9999-12-31 00:00:00,True,2,C
SKU-000030,Ferramentas Minima,Ferramentas,UN,34.69,1.729,FORN-00023,2995.01,1.02,21,21,24,66,Média,False,W-19-01-094,2026-06-07,9999-12-31 00:00:00,True,1,B
SKU-000031,Ferramentas Nostrum,Ferramentas,CJ,27.32,1.539,FORN-00035,1056.09,1.68,30,50,55,118,Baixa,False,A-05-05-170,2026-06-07,9999-12-31 00:00:00,True,1,B
SKU-000032,Elétrica Incidunt,Elétrica,RL,19.11,0.404,FORN-00018,63.91,78.85,19,1498,1734,4967,Média,False,S-10-05-073,2026-06-07,9999-12-31 00:00:00,True,1,A
SKU-000033,Hidráulica Sint,Hidráulica,CX,7.96,0.19,FORN-00040,187.38,12.05,12,144,180,722,Baixa,False,U-11-06-137,2026-06-07,2026-06-07 00:00:00,False,1,B
SKU-000033,Hidráulica Sint,Hidráulica,CX,7.96,0.19,FORN-00040,189.25,12.05,12,144,180,722,Baixa,False,U-11-06-137,2026-06-07,9999-12-31 00:00:00,True,2,B
SKU-000034,Hidráulica Deleniti,Hidráulica,CX,18.18,0.029,FORN-00042,230.14,28.18,13,366,450,1605,Baixa,False,H-13-03-058,2026-06-07,2026-06-07 00:00:00,False,1,A
SKU-000034,Hidráulica Deleniti,Hidráulica,CX,18.18,0.029,FORN-00042,233.59,28.18,13,366,450,1605,Baixa,False,H-13-03-058,2026-06-07,9999-12-31 00:00:00,True,2,A
SKU-000035,Fixação Dolorum,Fixação,CX,40.95,0.472,FORN-00025,26.24,276.01,31,8556,9384,24012,Média,False,L-20-02-186,2026-06-07,9999-12-31 00:00:00,True,1,A
SKU-000036,Construção Autem,Construção,SC,47.44,1.738,FORN-00027,27.34,31.55,8,252,347,1987,Média,True,N-27-07-132,2026-06-07,2026-06-07 00:00:00,False,1,C
SKU-000036,Construção Autem,Construção,SC,47.44,1.738,FORN-00027,26.7,31.55,8,252,347,1987,Média,True,N-27-07-132,2026-06-07,9999-12-31 00:00:00,True,2,C
SKU-000037,EPI Ab,EPI,UN,15.73,1.302,FORN-00031,120.15,25.86,25,646,724,1602,Baixa,True,Y-15-05-114,2026-06-07,9999-12-31 00:00:00,True,1,B
SKU-000038,Ferramentas Dolorum,Ferramentas,UN,21.48,0.565,FORN-00012,1996.34,0.89,28,24,27,72,Média,False,P-14-02-028,2026-06-07,9999-12-31 00:00:00,True,1,B
SKU-000039,Ferramentas Repellendus,Ferramentas,UN,36.96,1.322,FORN-00010,1338.77,1.4,7,9,14,62,Baixa,False,I-12-08-027,2026-06-07,9999-12-31 00:00:00,True,1,B
SKU-000040,EPI Minima,EPI,UN,21.26,1.667,FORN-00002,112.92,19.24,14,269,327,1019,Alta,True,L-30-05-099,2026-06-07,2026-06-07 00:00:00,False,1,B
SKU-000040,EPI Minima,EPI,UN,21.26,1.667,FORN-00002,111.06,19.24,14,269,327,1019,Alta,True,L-30-05-099,2026-06-07,9999-12-31 00:00:00,True,2,B
SKU-000041,Fixação Voluptas,Fixação,CX,36.77,1.681,FORN-00023,22.42,127.49,20,2549,2932,9178,Média,False,O-07-08-047,2026-06-07,9999-12-31 00:00:00,True,1,B
SKU-000042,Construção Doloribus,Construção,M3,4.32,0.972,FORN-00024,196.86,41.54,7,290,415,1660,Baixa,True,C-14-04-126,2026-06-07,9999-12-31 00:00:00,True,1,A
SKU-000043,Elétrica Illo,Elétrica,RL,22.24,1.014,FORN-00020,457.57,91.06,28,2549,2822,5371,Baixa,False,A-25-05-105,2026-06-07,9999-12-31 00:00:00,True,1,A
SKU-000044,Elétrica Ipsam,Elétrica,RL,39.03,1.017,FORN-00045,85.75,12.1,22,266,302,871,Baixa,False,S-06-07-022,2026-06-07,9999-12-31 00:00:00,True,1,C
SKU-000045,Fixação Deserunt,Fixação,CX,34.79,1.371,FORN-00001,45.49,178.06,27,4807,5341,12641,Baixa,False,S-09-06-154,2026-06-07,9999-12-31 00:00:00,True,1,A
SKU-000046,Elétrica Dicta,Elétrica,RL,34.26,0.453,FORN-00038,448.99,8.82,7,61,88,449,Baixa,False,B-27-01-104,2026-06-07,9999-12-31 00:00:00,True,1,B
SKU-000047,Construção Blanditiis,Construção,KG,22.36,1.478,FORN-00039,211.02,37.25,12,447,558,1862,Média,True,L-07-02-198,2026-06-07,9999-12-31 00:00:00,True,1,A
SKU-000048,Hidráulica Excepturi,Hidráulica,UN,47.07,0.991,FORN-00004,206.18,22.5,26,585,652,1282,Média,False,J-10-05-134,2026-06-07,9999-12-31 00:00:00,True,1,A
SKU-000049,Hidráulica Dicta,Hidráulica,CX,11.43,1.489,FORN-00048,177.83,22.33,29,647,714,1406,Média,False,W-02-05-174,2026-06-07,9999-12-31 00:00:00,True,1,B
SKU-000050,Elétrica Non,Elétrica,M,28.77,0.297,FORN-00050,480.78,54.8,29,1589,1753,3561,Média,False,J-09-01-073,2026-06-07,9999-12-31 00:00:00,True,1,A
SKU-000051,Construção Dolores,Construção,KG,20.94,0.979,FORN-00009,56.57,20.93,22,460,523,1485,Baixa,True,S-16-05-115,2026-06-07,9999-12-31 00:00:00,True,1,C
SKU-000052,Ferramentas Ad,Ferramentas,CJ,14.5,1.17,FORN-00035,2059.31,0.35,32,11,12,23,Alta,False,Y-11-01-088,2026-06-07,9999-12-31 00:00:00,True,1,C
SKU-000053,Construção Vitae,Construção,KG,18.57,0.083,FORN-00008,180.16,32.64,28,913,1011,2349,Baixa,True,W-19-05-168,2026-06-07,2026-06-07 00:00:00,False,1,A
SKU-000053,Construção Vitae,Construção,KG,18.57,0.083,FORN-00008,176.87,32.64,28,913,1011,2349,Baixa,True,W-19-05-168,2026-06-07,9999-12-31 00:00:00,True,2,A
SKU-000054,Elétrica Quo,Elétrica,UN,43.13,0.534,FORN-00047,224.96,92.76,27,2504,2782,6492,Média,False,A-16-03-181,2026-06-07,9999-12-31 00:00:00,True,1,A
SKU-000055,Hidráulica Quae,Hidráulica,CX,34.28,0.836,FORN-00023,165.05,33.02,25,825,924,2542,Alta,False,I-20-07-020,2026-06-07,2026-06-07 00:00:00,False,1,A
SKU-000055,Hidráulica Quae,Hidráulica,CX,34.28,0.836,FORN-00023,165.93,33.02,25,825,924,2542,Alta,False,I-20-07-020,2026-06-07,9999-12-31 00:00:00,True,2,A
SKU-000056,Construção Hic,Construção,SC,47.94,0.167,FORN-00035,203.1,30.72,30,921,1013,2088,Média,True,Y-26-04-159,2026-06-07,9999-12-31 00:00:00,True,1,A
SKU-000057,Fixação Autem,Fixação,MIL,9.25,0.545,FORN-00018,2.13,63.08,21,1324,1513,3531,Média,False,M-17-05-053,2026-06-07,9999-12-31 00:00:00,True,1,C
SKU-000058,Hidráulica Perspiciatis,Hidráulica,UN,28.73,0.464,FORN-00005,176.74,33.81,19,642,743,2129,Média,False,C-24-03-029,2026-06-07,9999-12-31 00:00:00,True,1,A
SKU-000059,Elétrica Cumque,Elétrica,RL,9.46,0.935,FORN-00026,232.47,95.55,22,2102,2388,6592,Média,False,V-10-03-095,2026-06-07,2026-06-07 00:00:00,False,1,A
SKU-000059,Elétrica Cumque,Elétrica,RL,9.46,0.935,FORN-00026,228.14,95.55,22,2102,2388,6592,Média,False,V-10-03-095,2026-06-07,9999-12-31 00:00:00,True,2,A
SKU-000060,EPI Error,EPI,CX,14.91,1.714,FORN-00013,33.02,21.07,23,484,547,1242,Baixa,True,S-12-02-107,2026-06-07,9999-12-31 00:00:00,True,1,C
SKU-000061,Elétrica Delectus,Elétrica,M,41.65,0.147,FORN-00038,439.73,27.33,9,245,327,1529,Alta,False,I-15-06-097,2026-06-07,9999-12-31 00:00:00,True,1,A
SKU-000062,EPI Libero,EPI,PR,9.53,1.461,FORN-00050,113.61,22.55,30,676,744,1668,Baixa,True,D-08-01-012,2026-06-07,9999-12-31 00:00:00,True,1,B
SKU-000063,Hidráulica Culpa,Hidráulica,M,23.36,0.127,FORN-00018,138.86,30.66,19,582,674,1624,Baixa,False,R-02-04-050,2026-06-07,9999-12-31 00:00:00,True,1,A
SKU-000064,Elétrica Pariatur,Elétrica,RL,16.03,1.014,FORN-00018,288.18,55.22,19,1049,1214,3810,Média,False,V-14-05-177,2026-06-07,9999-12-31 00:00:00,True,1,A
SKU-000065,Construção Sed,Construção,M3,10.55,0.497,FORN-00014,152.91,11.99,19,227,263,634,Média,True,D-05-08-026,2026-06-07,2026-06-07 00:00:00,False,1,B
SKU-000065,Construção Sed,Construção,M3,10.55,0.497,FORN-00014,152.72,11.99,19,227,263,634,Média,True,D-05-08-026,2026-06-07,9999-12-31 00:00:00,True,2,B
SKU-000066,Hidráulica Rem,Hidráulica,M,41.76,1.734,FORN-00032,244.2,17.38,21,364,417,1093,Média,False,P-01-03-177,2026-06-07,9999-12-31 00:00:00,True,1,A
SKU-000067,Fixação Provident,Fixação,CX,19.84,1.252,FORN-00032,24.39,303.87,20,6077,6989,22182,Baixa,False,C-27-01-077,2026-06-07,9999-12-31 00:00:00,True,1,A
SKU-000068,Fixação Sit,Fixação,MIL,5.81,0.33,FORN-00033,37.41,365.83,35,12804,13901,24144,Baixa,False,G-09-08-147,2026-06-07,9999-12-31 00:00:00,True,1,A
SKU-000069,EPI Dolorem,EPI,UN,32.92,0.842,FORN-00034,113.71,23.73,10,237,308,1518,Baixa,True,N-17-01-144,2026-06-07,9999-12-31 00:00:00,True,1,B
SKU-000070,Fixação Sed,Fixação,CX,25.36,0.023,FORN-00018,44.92,55.37,18,996,1162,3155,Alta,False,E-06-04-033,2026-06-07,9999-12-31 00:00:00,True,1,B
SKU-000071,Elétrica Quo,Elétrica,RL,29.5,1.972,FORN-00033,78.87,14.59,30,437,481,962,Baixa,False,H-19-06-172,2026-06-07,9999-12-31 00:00:00,True,1,C
SKU-000072,Fixação Quos,Fixação,CX,30.95,0.613,FORN-00031,5.67,381.19,27,10292,11435,24014,Média,False,U-25-02-073,2026-06-07,9999-12-31 00:00:00,True,1,B
SKU-000073,EPI A,EPI,CX,37.24,0.189,FORN-00036,103.74,28.0,14,392,476,1876,Média,True,F-11-05-079,2026-06-07,2026-06-07 00:00:00,False,1,B
SKU-000073,EPI A,EPI,CX,37.24,0.189,FORN-00036,107.07,28.0,14,392,476,1876,Média,True,F-11-05-079,2026-06-07,9999-12-31 00:00:00,True,2,B
SKU-000074,Fixação Illo,Fixação,MIL,13.38,1.781,FORN-00037,24.46,322.75,25,8068,9037,26142,Baixa,False,G-28-06-084,2026-06-07,9999-12-31 00:00:00,True,1,A
SKU-000075,EPI Mollitia,EPI,CX,11.92,1.97,FORN-00005,121.72,23.75,16,380,451,1187,Média,True,N-16-01-039,2026-06-07,9999-12-31 00:00:00,True,1,B
SKU-000076,Pintura Asperiores,Pintura,GL,4.46,0.925,FORN-00012,492.48,7.24,29,209,231,469,Baixa,True,X-11-04-078,2026-06-07,9999-12-31 00:00:00,True,1,B
SKU-000077,Construção Voluptatem,Construção,KG,43.31,1.866,FORN-00048,288.29,48.91,30,1467,1614,4010,Média,True,U-29-06-120,2026-06-07,9999-12-31 00:00:00,True,1,A
SKU-000078,Fixação Odit,Fixação,CX,49.07,0.071,FORN-00013,5.91,327.37,22,7202,8184,22261,Alta,False,Y-14-03-168,2026-06-07,2026-06-07 00:00:00,False,1,B
SKU-000078,Fixação Odit,Fixação,CX,49.07,0.071,FORN-00013,5.67,327.37,22,7202,8184,22261,Alta,False,Y-14-03-168,2026-06-07,9999-12-31 00:00:00,True,2,B
SKU-000079,Fixação Saepe,Fixação,CX,31.05,1.185,FORN-00005,33.47,196.41,18,3535,4124,14926,Média,False,Y-02-08-069,2026-06-07,9999-12-31 00:00:00,True,1,A
SKU-000080,Hidráulica Itaque,Hidráulica,M,15.86,1.245,FORN-00004,169.84,15.49,29,449,495,975,Baixa,False,I-19-06-138,2026-06-07,9999-12-31 00:00:00,True,1,B
SKU-000081,Fixação Velit,Fixação,MIL,45.96,1.603,FORN-00008,7.74,166.26,27,4489,4987,10474,Baixa,False,P-02-07-035,2026-06-07,9999-12-31 00:00:00,True,1,C
SKU-000082,Fixação Sequi,Fixação,MIL,11.02,0.551,FORN-00004,13.0,163.0,26,4238,4727,12388,Média,False,U-04-01-111,2026-06-07,9999-12-31 00:00:00,True,1,B
SKU-000083,Hidráulica Deleniti,Hidráulica,M,13.67,1.859,FORN-00049,207.45,39.94,18,718,838,2155,Média,False,S-02-08-093,2026-06-07,9999-12-31 00:00:00,True,1,A
SKU-000084,Fixação Laudantium,Fixação,MIL,3.01,0.161,FORN-00023,25.16,215.87,25,5396,6044,16837,Média,False,Z-03-08-080,2026-06-07,9999-12-31 00:00:00,True,1,A
SKU-000085,EPI Voluptates,EPI,CX,7.35,1.233,FORN-00030,105.72,12.62,11,138,176,592,Baixa,True,M-13-03-072,2026-06-07,9999-12-31 00:00:00,True,1,C
SKU-000086,Pintura Id,Pintura,GL,36.09,0.865,FORN-00023,32.6,2.05,24,49,55,157,Média,True,Z-17-02-068,2026-06-07,2026-06-07 00:00:00,False,1,C
SKU-000086,Pintura Id,Pintura,GL,36.09,0.865,FORN-00023,32.32,2.05,24,49,55,157,Média,True,Z-17-02-068,2026-06-07,9999-12-31 00:00:00,True,2,C
SKU-000087,EPI Porro,EPI,PR,21.6,0.073,FORN-00040,52.44,13.87,13,180,221,693,Média,True,H-01-06-062,2026-06-07,2026-06-07 00:00:00,False,1,C
SKU-000087,EPI Porro,EPI,PR,21.6,0.073,FORN-00040,53.08,13.87,13,180,221,693,Média,True,H-01-06-062,2026-06-07,9999-12-31 00:00:00,True,2,C
SKU-000088,Pintura Dolore,Pintura,LT,5.85,0.119,FORN-00021,181.56,18.98,30,569,626,1195,Alta,True,H-29-05-047,2026-06-07,9999-12-31 00:00:00,True,1,B
SKU-000089,Ferramentas Recusandae,Ferramentas,UN,46.54,1.459,FORN-00023,2219.03,0.64,22,14,16,48,Média,False,P-19-08-008,2026-06-07,2026-06-07 00:00:00,False,1,C
SKU-000089,Ferramentas Recusandae,Ferramentas,UN,46.54,1.459,FORN-00023,2171.57,0.64,22,14,16,48,Média,False,P-19-08-008,2026-06-07,9999-12-31 00:00:00,True,2,C
SKU-000090,EPI Dolorem,EPI,UN,13.86,0.925,FORN-00028,24.16,29.09,24,698,785,1599,Média,True,H-23-02-130,2026-06-07,9999-12-31 00:00:00,True,1,C
SKU-000091,Construção Labore,Construção,M3,40.86,1.516,FORN-00010,100.69,42.59,11,468,596,2640,Baixa,True,I-24-08-089,2026-06-07,9999-12-31 00:00:00,True,1,A
SKU-000092,EPI Voluptatem,EPI,CX,34.26,0.068,FORN-00003,99.99,12.76,9,114,153,752,Média,True,S-05-08-135,2026-06-07,9999-12-31 00:00:00,True,1,C
SKU-000093,Pintura Sed,Pintura,LT,41.05,1.061,FORN-00035,434.39,6.97,34,236,257,472,Média,True,D-13-08-035,2026-06-07,9999-12-31 00:00:00,True,1,B
SKU-000094,Ferramentas Autem,Ferramentas,CJ,48.57,0.933,FORN-00043,2882.12,0.29,9,2,3,18,Baixa,False,D-05-04-175,2026-06-07,9999-12-31 00:00:00,True,1,C
SKU-000095,Hidráulica Nam,Hidráulica,UN,22.78,0.906,FORN-00018,244.91,9.91,23,227,257,643,Média,False,N-15-01-071,2026-06-07,2026-06-07 00:00:00,False,1,B
SKU-000095,Hidráulica Nam,Hidráulica,UN,22.78,0.906,FORN-00018,252.16,9.91,23,227,257,643,Média,False,N-15-01-071,2026-06-07,9999-12-31 00:00:00,True,2,B
SKU-000096,EPI Quo,EPI,CX,36.53,1.617,FORN-00008,135.04,5.62,26,146,162,460,Média,True,L-14-05-006,2026-06-07,9999-12-31 00:00:00,True,1,C
SKU-000097,Hidráulica Quia,Hidráulica,UN,2.37,0.001,FORN-00041,116.18,38.72,30,1161,1277,2632,Baixa,False,F-30-06-197,2026-06-07,9999-12-31 00:00:00,True,1,A
SKU-000098,Elétrica Recusandae,Elétrica,M,20.15,1.002,FORN-00048,260.02,36.79,29,1066,1177,2831,Baixa,False,G-24-05-182,2026-06-07,9999-12-31 00:00:00,True,1,A
SKU-000099,Pintura Occaecati,Pintura,LT,28.16,0.642,FORN-00034,541.27,11.02,14,154,187,705,Baixa,True,E-25-08-009,2026-06-07,9999-12-31 00:00:00,True,1,A
SKU-000100,Fixação Laudantium,Fixação,CX,13.96,1.828,FORN-00039,19.54,57.49,16,919,1092,4138,Baixa,False,M-07-08-072,2026-06-07,9999-12-31 00:00:00,True,1,C
SKU-000101,Elétrica Ducimus,Elétrica,UN,41.81,1.062,FORN-00030,118.59,9.4,14,131,159,619,Baixa,False,D-29-02-136,2026-06-07,9999-12-31 00:00:00,True,1,C
SKU-000102,Hidráulica Similique,Hidráulica,M,22.54,0.037,FORN-00027,143.16,5.27,10,52,68,347,Baixa,False,J-18-01-074,2026-06-07,9999-12-31 00:00:00,True,1,C
SKU-000103,Ferramentas Quae,Ferramentas,CJ,41.43,0.939,FORN-00029,1010.65,1.84,27,49,55,135,Baixa,False,G-06-08-145,2026-06-07,2026-06-07 00:00:00,False,1,B
SKU-000103,Ferramentas Quae,Ferramentas,CJ,41.43,0.939,FORN-00029,1060.63,1.84,27,49,55,135,Baixa,False,G-06-08-145,2026-06-07,9999-12-31 00:00:00,True,2,B
SKU-000104,Hidráulica Hic,Hidráulica,M,19.97,1.491,FORN-00033,137.86,39.36,32,1259,1377,2794,Baixa,False,J-14-03-097,2026-06-07,9999-12-31 00:00:00,True,1,A
SKU-000105,Elétrica Non,Elétrica,M,29.38,1.02,FORN-00007,321.97,45.83,32,1466,1604,3574,Média,False,R-23-08-132,2026-06-07,9999-12-31 00:00:00,True,1,A
SKU-000106,Pintura Error,Pintura,LT,39.62,0.118,FORN-00002,494.37,8.77,18,157,184,455,Baixa,True,Z-06-03-015,2026-06-07,9999-12-31 00:00:00,True,1,A
SKU-000107,Pintura Dicta,Pintura,GL,45.37,0.385,FORN-00049,798.17,4.85,21,101,116,251,Baixa,True,I-29-06-037,2026-06-07,9999-12-31 00:00:00,True,1,B
SKU-000108,Construção Enim,Construção,SC,39.14,0.436,FORN-00011,257.91,49.19,21,1032,1180,3934,Média,True,D-28-06-006,2026-06-07,9999-12-31 00:00:00,True,1,A
SKU-000109,EPI Minus,EPI,PR,12.2,0.259,FORN-00025,102.6,10.57,31,327,359,855,Baixa,True,B-08-07-168,2026-06-07,9999-12-31 00:00:00,True,1,C
SKU-000110,Fixação Fugit,Fixação,MIL,36.63,1.631,FORN-00028,7.0,87.27,24,2094,2356,6719,Alta,False,S-06-08-130,2026-06-07,9999-12-31 00:00:00,True,1,C
SKU-000111,EPI Incidunt,EPI,PR,44.13,1.42,FORN-00038,24.75,13.45,8,107,147,887,Média,True,V-09-07-140,2026-06-07,2026-06-07 00:00:00,False,1,C
SKU-000111,EPI Incidunt,EPI,PR,44.13,1.42,FORN-00038,25.39,13.45,8,107,147,887,Média,True,V-09-07-140,2026-06-07,9999-12-31 00:00:00,True,2,C
SKU-000112,Hidráulica Aliquam,Hidráulica,CX,0.2,1.723,FORN-00027,20.55,2.83,6,16,25,146,Alta,False,N-29-05-095,2026-06-07,9999-12-31 00:00:00,True,1,C
SKU-000113,EPI Eos,EPI,PR,28.64,0.352,FORN-00008,106.33,28.45,26,739,825,2047,Média,True,P-15-05-008,2026-06-07,9999-12-31 00:00:00,True,1,B
SKU-000114,Hidráulica Velit,Hidráulica,CX,46.85,0.77,FORN-00020,85.92,7.32,30,219,241,453,Média,False,F-04-02-183,2026-06-07,2026-06-07 00:00:00,False,1,C
SKU-000114,Hidráulica Velit,Hidráulica,CX,46.85,0.77,FORN-00020,85.24,7.32,30,219,241,453,Média,False,F-04-02-183,2026-06-07,9999-12-31 00:00:00,True,2,C
SKU-000115,Elétrica Impedit,Elétrica,UN,49.41,1.199,FORN-00019,80.32,61.19,17,1040,1223,3365,Média,False,P-02-02-185,2026-06-07,2026-06-07 00:00:00,False,1,A
SKU-000115,Elétrica Impedit,Elétrica,UN,49.41,1.199,FORN-00019,79.37,61.19,17,1040,1223,3365,Média,False,P-02-02-185,2026-06-07,9999-12-31 00:00:00,True,2,A
SKU-000116,Fixação Iure,Fixação,CX,2.92,1.886,FORN-00036,1.67,420.84,12,5050,6312,18937,Baixa,False,E-30-07-036,2026-06-07,9999-12-31 00:00:00,True,1,C
SKU-000117,Ferramentas At,Ferramentas,UN,7.23,1.17,FORN-00045,110.46,1.69,21,35,40,121,Média,False,C-07-04-102,2026-06-07,9999-12-31 00:00:00,True,1,C
SKU-000118,Hidráulica Voluptate,Hidráulica,CX,4.28,0.762,FORN-00012,85.58,26.01,29,754,832,1846,Baixa,False,K-15-03-041,2026-06-07,9999-12-31 00:00:00,True,1,B
SKU-000119,Ferramentas Eum,Ferramentas,CJ,15.3,1.214,FORN-00023,545.85,1.83,22,40,45,102,Baixa,False,M-14-08-062,2026-06-07,9999-12-31 00:00:00,True,1,C
SKU-000120,Fixação Nesciunt,Fixação,MIL,8.46,1.48,FORN-00014,21.38,133.54,17,2270,2670,7745,Baixa,False,N-16-07-163,2026-06-07,9999-12-31 00:00:00,True,1,B
SKU-000121,Hidráulica Modi,Hidráulica,CX,36.59,1.517,FORN-00008,153.24,5.14,28,143,159,343,Baixa,False,W-08-07-029,2026-06-07,9999-12-31 00:00:00,True,1,C
SKU-000122,Fixação Facere,Fixação,CX,37.79,1.168,FORN-00017,48.99,203.89,23,4689,5301,11825,Baixa,False,U-10-04-178,2026-06-07,9999-12-31 00:00:00,True,1,A
SKU-000123,EPI Nihil,EPI,PR,32.25,1.991,FORN-00015,13.26,22.89,7,160,228,1144,Baixa,True,E-15-08-112,2026-06-07,2026-06-07 00:00:00,False,1,C
SKU-000123,EPI Nihil,EPI,PR,32.25,1.991,FORN-00015,13.48,22.89,7,160,228,1144,Baixa,True,E-15-08-112,2026-06-07,9999-12-31 00:00:00,True,2,C
SKU-000124,Construção Reprehenderit,Construção,SC,45.49,0.808,FORN-00032,169.72,19.59,24,470,528,1312,Baixa,True,Q-08-06-023,2026-06-07,9999-12-31 00:00:00,True,1,B
SKU-000125,Ferramentas Illo,Ferramentas,CJ,18.76,0.963,FORN-00029,1626.58,0.58,27,15,17,35,Média,False,C-17-07-067,2026-06-07,9999-12-31 00:00:00,True,1,C
SKU-000126,Hidráulica Nobis,Hidráulica,M,29.56,1.03,FORN-00004,248.86,25.78,29,747,824,1700,Média,False,N-27-06-091,2026-06-07,2026-06-07 00:00:00,False,1,A
SKU-000126,Hidráulica Nobis,Hidráulica,M,29.56,1.03,FORN-00004,255.92,25.78,29,747,824,1700,Média,False,N-27-06-091,2026-06-07,9999-12-31 00:00:00,True,2,A
SKU-000127,Construção Exercitationem,Construção,SC,40.57,1.262,FORN-00010,208.51,29.58,11,325,414,2099,Média,True,L-10-08-104,2026-06-07,9999-12-31 00:00:00,True,1,A
SKU-000128,Construção Quos,Construção,M3,18.14,0.431,FORN-00021,160.25,43.32,32,1386,1516,3292,Média,True,C-27-05-195,2026-06-07,9999-12-31 00:00:00,True,1,A
SKU-000129,Fixação Maxime,Fixação,CX,22.54,1.494,FORN-00039,28.96,272.53,17,4633,5450,16896,Baixa,False,U-03-08-066,2026-06-07,9999-12-31 00:00:00,True,1,A
SKU-000130,Pintura Error,Pintura,LT,35.65,1.162,FORN-00021,280.4,14.98,29,434,479,1018,Baixa,True,O-26-06-033,2026-06-07,9999-12-31 00:00:00,True,1,A
SKU-000131,Pintura Sequi,Pintura,LT,25.73,1.717,FORN-00005,558.52,4.79,20,95,110,377,Baixa,True,P-12-07-195,2026-06-07,9999-12-31 00:00:00,True,1,B
SKU-000132,Elétrica Saepe,Elétrica,M,8.97,0.018,FORN-00044,411.89,20.73,11,228,290,1160,Média,False,O-17-05-005,2026-06-07,9999-12-31 00:00:00,True,1,A
SKU-000133,Pintura Illo,Pintura,LT,0.14,1.465,FORN-00015,699.5,8.99,9,80,107,565,Média,True,N-02-01-130,2026-06-07,9999-12-31 00:00:00,True,1,A
SKU-000134,Hidráulica Magni,Hidráulica,UN,22.23,1.901,FORN-00003,30.95,7.68,12,92,115,537,Baixa,False,N-27-05-144,2026-06-07,9999-12-31 00:00:00,True,1,C
SKU-000135,Pintura Rerum,Pintura,LT,40.0,1.031,FORN-00043,340.9,6.88,10,68,89,295,Baixa,True,C-22-02-158,2026-06-07,9999-12-31 00:00:00,True,1,B
SKU-000136,Hidráulica Aperiam,Hidráulica,UN,14.55,0.555,FORN-00033,82.64,15.91,31,493,540,1033,Média,False,W-03-01-064,2026-06-07,9999-12-31 00:00:00,True,1,C
SKU-000137,Fixação Ea,Fixação,CX,22.33,0.83,FORN-00045,43.42,328.26,22,7221,8206,26916,Alta,False,A-08-08-146,2026-06-07,9999-12-31 00:00:00,True,1,A
SKU-000138,Hidráulica Fugiat,Hidráulica,CX,34.58,1.043,FORN-00022,190.89,12.39,29,359,396,1065,Média,False,S-27-06-193,2026-06-07,9999-12-31 00:00:00,True,1,B
SKU-000139,Ferramentas Porro,Ferramentas,CJ,48.53,1.688,FORN-00042,2064.03,0.55,17,9,11,29,Média,False,L-10-01-180,2026-06-07,9999-12-31 00:00:00,True,1,C
SKU-000140,Fixação Commodi,Fixação,CX,40.44,0.032,FORN-00014,11.88,122.2,19,2321,2688,8186,Baixa,False,V-18-07-172,2026-06-07,9999-12-31 00:00:00,True,1,C
SKU-000141,Hidráulica Velit,Hidráulica,M,7.39,1.768,FORN-00043,101.09,22.03,8,176,242,1475,Baixa,False,K-09-05-035,2026-06-07,9999-12-31 00:00:00,True,1,B
SKU-000142,Hidráulica Distinctio,Hidráulica,CX,42.48,0.06,FORN-00020,194.08,5.07,30,152,167,334,Baixa,False,C-06-08-143,2026-06-07,9999-12-31 00:00:00,True,1,C
SKU-000143,EPI Ut,EPI,UN,4.16,1.382,FORN-00024,57.33,16.4,6,98,147,770,Média,True,G-26-08-106,2026-06-07,9999-12-31 00:00:00,True,1,C
SKU-000144,EPI Optio,EPI,PR,31.26,1.96,FORN-00049,39.18,28.47,22,626,711,2248,Baixa,True,Q-21-07-038,2026-06-07,9999-12-31 00:00:00,True,1,C
SKU-000145,Construção Amet,Construção,M3,41.08,1.008,FORN-00013,107.75,43.64,18,785,916,2094,Média,True,P-27-01-023,2026-06-07,9999-12-31 00:00:00,True,1,A
SKU-000146,EPI Exercitationem,EPI,CX,46.94,1.523,FORN-00022,92.84,18.74,29,543,599,1123,Baixa,True,L-02-04-064,2026-06-07,9999-12-31 00:00:00,True,1,B
SKU-000147,Ferramentas Esse,Ferramentas,CJ,11.66,0.288,FORN-00030,869.93,1.25,11,13,17,69,Baixa,False,T-04-08-027,2026-06-07,9999-12-31 00:00:00,True,1,C
SKU-000148,Fixação At,Fixação,CX,7.1,0.036,FORN-00040,24.35,293.92,14,4114,4996,17928,Baixa,False,S-20-04-080,2026-06-07,2026-06-07 00:00:00,False,1,A
SKU-000148,Fixação At,Fixação,CX,7.1,0.036,FORN-00040,23.53,293.92,14,4114,4996,17928,Baixa,False,S-20-04-080,2026-06-07,9999-12-31 00:00:00,True,2,A
SKU-000149,Hidráulica Sapiente,Hidráulica,M,38.37,1.273,FORN-00017,49.18,37.96,24,911,1024,2543,Média,False,R-10-05-190,2026-06-07,2026-06-07 00:00:00,False,1,B
SKU-000149,Hidráulica Sapiente,Hidráulica,M,38.37,1.273,FORN-00017,48.87,37.96,24,911,1024,2543,Média,False,R-10-05-190,2026-06-07,9999-12-31 00:00:00,True,2,B
SKU-000150,Elétrica Facilis,Elétrica,RL,20.2,0.41,FORN-00038,204.52,73.42,9,660,881,3963,Média,False,N-28-07-123,2026-06-07,9999-12-31 00:00:00,True,1,A
SKU-000151,Pintura Impedit,Pintura,GL,4.02,0.142,FORN-00025,428.68,18.39,29,533,588,1507,Baixa,True,S-15-03-172,2026-06-07,2026-06-07 00:00:00,False,1,A
SKU-000151,Pintura Impedit,Pintura,GL,4.02,0.142,FORN-00025,431.68,18.39,29,533,588,1507,Baixa,True,S-15-03-172,2026-06-07,9999-12-31 00:00:00,True,2,A
SKU-000152,Elétrica Neque,Elétrica,RL,32.88,1.91,FORN-00038,450.38,66.41,10,664,863,3851,Baixa,False,O-23-07-094,2026-06-07,9999-12-31 00:00:00,True,1,A
SKU-000153,Ferramentas Quidem,Ferramentas,UN,45.54,0.897,FORN-00048,914.31,1.3,32,41,45,82,Média,False,A-24-08-035,2026-06-07,9999-12-31 00:00:00,True,1,C
SKU-000154,Construção Quisquam,Construção,SC,30.26,1.958,FORN-00036,86.04,46.48,12,557,697,3252,Alta,True,J-21-04-053,2026-06-07,9999-12-31 00:00:00,True,1,B
SKU-000155,Fixação Quasi,Fixação,CX,21.75,1.608,FORN-00026,21.6,342.75,18,6169,7197,26734,Baixa,False,Z-14-05-114,2026-06-07,9999-12-31 00:00:00,True,1,A
SKU-000156,Pintura Ratione,Pintura,LT,17.63,1.534,FORN-00005,96.09,10.67,19,202,234,628,Média,True,J-29-07-107,2026-06-07,9999-12-31 00:00:00,True,1,C
SKU-000157,Pintura Molestiae,Pintura,LT,19.96,0.579,FORN-00013,358.53,12.1,18,217,254,749,Baixa,True,O-18-05-178,2026-06-07,9999-12-31 00:00:00,True,1,A
SKU-000158,Hidráulica Ratione,Hidráulica,CX,4.34,0.995,FORN-00025,89.6,12.31,31,381,418,1094,Média,False,Q-03-03-076,2026-06-07,9999-12-31 00:00:00,True,1,C
SKU-000159,Construção Recusandae,Construção,M3,32.91,0.698,FORN-00047,58.3,34.46,28,964,1068,2239,Média,True,L-01-05-151,2026-06-07,9999-12-31 00:00:00,True,1,B
SKU-000160,Elétrica Recusandae,Elétrica,UN,15.73,1.555,FORN-00042,254.49,66.94,12,803,1004,3145,Baixa,False,W-09-02-094,2026-06-07,9999-12-31 00:00:00,True,1,A
SKU-000161,Fixação Quibusdam,Fixação,MIL,10.11,1.989,FORN-00020,7.51,177.85,26,4624,5157,12271,Média,False,D-10-03-155,2026-06-07,9999-12-31 00:00:00,True,1,C
SKU-000162,EPI Ratione,EPI,PR,35.96,0.451,FORN-00042,84.25,6.26,17,106,125,331,Baixa,True,U-28-03-092,2026-06-07,9999-12-31 00:00:00,True,1,C
SKU-000163,Hidráulica Minus,Hidráulica,CX,21.89,1.795,FORN-00025,148.88,11.46,31,355,389,824,Baixa,False,Z-10-01-008,2026-06-07,9999-12-31 00:00:00,True,1,B
SKU-000164,Fixação Quisquam,Fixação,MIL,5.7,0.068,FORN-00040,38.39,486.24,13,6321,7779,28201,Baixa,False,I-15-03-095,2026-06-07,9999-12-31 00:00:00,True,1,A
SKU-000165,Hidráulica Porro,Hidráulica,M,42.72,1.315,FORN-00005,224.87,13.35,21,280,320,747,Baixa,False,Y-17-08-141,2026-06-07,9999-12-31 00:00:00,True,1,B
SKU-000166,EPI Ab,EPI,UN,48.49,1.936,FORN-00031,14.86,18.5,27,499,555,1109,Média,True,I-16-08-001,2026-06-07,9999-12-31 00:00:00,True,1,C
SKU-000167,Hidráulica Magnam,Hidráulica,M,23.43,1.734,FORN-00008,210.18,16.9,29,490,540,1013,Média,False,R-12-03-171,2026-06-07,9999-12-31 00:00:00,True,1,B
SKU-000168,Elétrica Atque,Elétrica,M,27.25,0.068,FORN-00046,214.89,47.9,24,1149,1293,3927,Baixa,False,L-17-08-183,2026-06-07,9999-12-31 00:00:00,True,1,A
SKU-000169,Ferramentas Consequatur,Ferramentas,CJ,46.75,1.534,FORN-00012,2750.47,1.38,26,35,40,80,Baixa,False,K-29-01-184,2026-06-07,9999-12-31 00:00:00,True,1,B
SKU-000170,EPI Laboriosam,EPI,CX,16.53,1.407,FORN-00025,119.27,16.18,28,453,501,1326,Média,True,K-24-08-098,2026-06-07,9999-12-31 00:00:00,True,1,B
SKU-000171,Fixação Commodi,Fixação,CX,23.49,0.62,FORN-00007,43.5,256.8,35,8988,9758,23368,Média,False,W-16-05-150,2026-06-07,9999-12-31 00:00:00,True,1,A
SKU-000172,Elétrica Architecto,Elétrica,RL,29.02,1.756,FORN-00036,34.81,17.62,16,281,334,932,Média,False,W-29-05-074,2026-06-07,9999-12-31 00:00:00,True,1,C
SKU-000173,Construção Laudantium,Construção,KG,34.28,0.588,FORN-00046,58.69,29.18,23,671,758,1750,Baixa,True,B-06-06-150,2026-06-07,9999-12-31 00:00:00,True,1,B
SKU-000174,Elétrica Fugit,Elétrica,UN,26.43,1.42,FORN-00038,438.32,95.37,8,762,1049,4386,Baixa,False,R-08-01-016,2026-06-07,9999-12-31 00:00:00,True,1,A
SKU-000175,Fixação Earum,Fixação,CX,10.25,0.616,FORN-00030,41.2,271.57,15,4073,4888,13849,Baixa,False,R-28-04-189,2026-06-07,9999-12-31 00:00:00,True,1,A
SKU-000176,Hidráulica Porro,Hidráulica,M,45.04,0.271,FORN-00025,145.23,31.78,28,889,985,2287,Baixa,False,F-30-08-044,2026-06-07,9999-12-31 00:00:00,True,1,A
SKU-000177,Construção Voluptas,Construção,KG,10.28,0.756,FORN-00045,88.87,41.86,20,837,962,2218,Baixa,True,H-18-02-175,2026-06-07,2026-06-07 00:00:00,False,1,B
SKU-000177,Construção Voluptas,Construção,KG,10.28,0.756,FORN-00045,90.98,41.86,20,837,962,2218,Baixa,True,H-18-02-175,2026-06-07,9999-12-31 00:00:00,True,2,B
SKU-000178,Construção Corrupti,Construção,SC,40.78,0.442,FORN-00003,174.29,14.2,12,170,213,738,Média,True,A-20-04-067,2026-06-07,9999-12-31 00:00:00,True,1,B
SKU-000179,Hidráulica Corporis,Hidráulica,UN,35.03,0.305,FORN-00030,26.03,21.33,12,255,319,1278,Baixa,False,R-02-06-198,2026-06-07,9999-12-31 00:00:00,True,1,C
SKU-000180,Elétrica Aliquam,Elétrica,UN,6.45,1.402,FORN-00021,372.69,56.06,29,1625,1793,4652,Baixa,False,Y-29-01-090,2026-06-07,9999-12-31 00:00:00,True,1,A
SKU-000181,Elétrica Non,Elétrica,M,1.53,1.333,FORN-00035,321.55,67.29,34,2287,2489,4507,Baixa,False,L-04-02-093,2026-06-07,9999-12-31 00:00:00,True,1,A
SKU-000182,Elétrica Exercitationem,Elétrica,RL,38.84,0.374,FORN-00009,346.93,12.25,25,306,343,698,Baixa,False,S-04-02-078,2026-06-07,9999-12-31 00:00:00,True,1,A
SKU-000183,EPI Laboriosam,EPI,PR,24.74,0.707,FORN-00033,88.37,16.57,34,563,613,1275,Baixa,True,O-01-04-100,2026-06-07,9999-12-31 00:00:00,True,1,C
SKU-000184,Hidráulica Adipisci,Hidráulica,M,26.9,0.355,FORN-00005,155.77,8.72,20,174,200,636,Alta,False,V-16-05-034,2026-06-07,9999-12-31 00:00:00,True,1,C
SKU-000185,Ferramentas Odit,Ferramentas,UN,25.31,1.129,FORN-00028,102.99,1.86,25,46,52,120,Média,False,I-28-08-115,2026-06-07,2026-06-07 00:00:00,False,1,C
SKU-000185,Ferramentas Odit,Ferramentas,UN,25.31,1.129,FORN-00028,101.2,1.86,25,46,52,120,Média,False,I-28-08-115,2026-06-07,9999-12-31 00:00:00,True,2,C
SKU-000186,Construção Velit,Construção,M3,2.25,1.061,FORN-00037,149.15,40.06,26,1041,1161,2963,Média,True,G-07-07-197,2026-06-07,9999-12-31 00:00:00,True,1,A
SKU-000187,Hidráulica Maiores,Hidráulica,UN,26.44,1.972,FORN-00010,138.06,37.79,9,340,453,2191,Média,False,M-07-06-130,2026-06-07,9999-12-31 00:00:00,True,1,A
SKU-000188,Pintura Assumenda,Pintura,GL,45.08,1.613,FORN-00027,634.62,1.36,9,12,16,88,Alta,True,I-20-06-081,2026-06-07,2026-06-07 00:00:00,False,1,C
SKU-000188,Pintura Assumenda,Pintura,GL,45.08,1.613,FORN-00027,623.32,1.36,9,12,16,88,Alta,True,I-20-06-081,2026-06-07,9999-12-31 00:00:00,True,2,C
SKU-000189,Fixação Sint,Fixação,MIL,24.99,1.787,FORN-00019,25.0,379.32,17,6448,7586,26172,Baixa,False,L-05-01-109,2026-06-07,9999-12-31 00:00:00,True,1,A
SKU-000190,Ferramentas Perspiciatis,Ferramentas,CJ,16.41,0.389,FORN-00002,277.17,1.27,16,20,24,94,Média,False,I-20-08-035,2026-06-07,9999-12-31 00:00:00,True,1,C
SKU-000191,Construção Commodi,Construção,M3,30.18,0.638,FORN-00008,149.38,15.45,29,448,494,957,Alta,True,H-14-02-088,2026-06-07,9999-12-31 00:00:00,True,1,B
SKU-000192,Construção Impedit,Construção,SC,12.47,0.679,FORN-00036,230.16,25.99,16,415,493,1298,Baixa,True,I-17-06-115,2026-06-07,9999-12-31 00:00:00,True,1,A
SKU-000193,EPI Quidem,EPI,PR,9.47,0.855,FORN-00036,70.79,26.87,17,456,537,2041,Média,True,S-21-03-187,2026-06-07,2026-06-07 00:00:00,False,1,B
SKU-000193,EPI Quidem,EPI,PR,9.47,0.855,FORN-00036,70.27,26.87,17,456,537,2041,Média,True,S-21-03-187,2026-06-07,9999-12-31 00:00:00,True,2,B
SKU-000194,EPI Animi,EPI,CX,9.81,1.323,FORN-00017,24.49,27.94,22,614,698,2038,Alta,True,R-16-05-111,2026-06-07,9999-12-31 00:00:00,True,1,C
SKU-000195,Hidráulica Quasi,Hidráulica,CX,15.32,0.843,FORN-00031,131.37,38.12,28,1067,1181,2782,Média,False,T-16-03-086,2026-06-07,9999-12-31 00:00:00,True,1,A
SKU-000196,Elétrica Quod,Elétrica,M,4.73,1.247,FORN-00031,282.84,42.52,25,1063,1190,2593,Alta,False,O-21-06-098,2026-06-07,9999-12-31 00:00:00,True,1,A
SKU-000197,Construção Nobis,Construção,M3,19.96,1.347,FORN-00049,102.48,37.55,19,713,826,2102,Média,True,R-03-08-050,2026-06-07,9999-12-31 00:00:00,True,1,B
SKU-000198,Ferramentas Sequi,Ferramentas,UN,13.34,0.658,FORN-00044,1353.23,1.94,10,19,25,81,Baixa,False,S-28-02-169,2026-06-07,9999-12-31 00:00:00,True,1,B
SKU-000199,Hidráulica Dolorem,Hidráulica,UN,3.22,0.511,FORN-00023,137.86,34.42,21,722,826,2511,Baixa,False,Q-30-02-184,2026-06-07,9999-12-31 00:00:00,True,1,A
SKU-000200,Hidráulica Asperiores,Hidráulica,UN,18.66,1.89,FORN-00040,243.15,16.8,15,252,302,1041,Baixa,False,L-22-07-040,2026-06-07,9999-12-31 00:00:00,True,1,A
